"Opportunity Type","Category","Domain","Full URL","Found From Competitors","Competitor Count","Niche Relevant"
"Blog comment","Article - Blog","semisustainable.substack.com","https://semisustainable.substack.com/p/put-the-ugly-christmas-sweater-down","https://www.thereformation.com/bridal/wedding-guest-dresses","1","No"
"Forum","Article - Blog","blog.nationalarchives.democraticunderground.org","https://blog.nationalarchives.democraticunderground.org/100218537180","https://www.theknot.com/content/formal-wedding-attire","1","No"
"Forum","Article - Blog","blog.democraticunderground.org","https://blog.democraticunderground.org/100218537180","https://www.theknot.com/content/formal-wedding-attire","1","No"
"Blog comment","Article - Niche Specific","sheenmagazine.com","https://www.sheenmagazine.com/8-helpers-for-planning-a-wedding-with-a-cozy-thanksgiving-feel/","https://macduggal.com/collections/the-wedding-edit","1","Yes"
"Blog comment","Article - Niche Specific","sheenmagazine.com","https://www.sheenmagazine.com/17-inventive-spring-wedding-gifts-for-your-favorite-sibling/","https://macduggal.com/collections/the-wedding-edit","1","Yes"
"Blog comment","Article - Niche Specific","allblogthings.com","https://www.allblogthings.com/2025/08/do-you-have-to-wear-black-to-a-black-tie-wedding.html","https://macduggal.com/collections/the-wedding-edit","1","Yes"
"Blog comment","Article - Niche Specific","haleemaecrq764745.blogdigy.com","https://haleemaecrq764745.blogdigy.com/azazie-atelier-wedding-guest-dresses-elegant-styles-for-every-celebration-63646510","https://www.azazie.com/all/atelier-guest-of-wedding-dresses","1","Yes"
"Blog comment","Article - Niche Specific","leahumh996390.blogdigy.com","https://leahumh996390.blogdigy.com/azazie-bridesmaid-dresses-2026-modern-styles-custom-fit-stunning-color-palettes-63693367","https://www.azazie.com/all/atelier-guest-of-wedding-dresses","1","Yes"
"Blog comment","Article - Niche Specific","alyshapfcr877812.blogdigy.com","https://alyshapfcr877812.blogdigy.com/azazie-atelier-wedding-guest-dresses-elegant-styles-for-every-celebration-63669539","https://www.azazie.com/all/atelier-guest-of-wedding-dresses","1","Yes"
"Blog comment","Article - Niche Specific","southfloridareporter.com","https://southfloridareporter.com/how-to-choose-the-perfect-outfit-for-an-evening-wedding/","https://www.azazie.com/all/atelier-guest-of-wedding-dresses","1","Yes"
"Blog comment","Article - Niche Specific","mohamadsjno510796.blog5.net","https://mohamadsjno510796.blog5.net/90513031/azazie-atelier-wedding-guest-dresses-elegant-styles-for-every-celebration","https://www.azazie.com/all/atelier-guest-of-wedding-dresses","1","Yes"
"Blog comment","Article - Niche Specific","susanbgwn169292.blog5.net","https://susanbgwn169292.blog5.net/90522860/azazie-atelier-wedding-guest-dresses-elegant-styles-for-every-celebration","https://www.azazie.com/all/atelier-guest-of-wedding-dresses","1","Yes"
"Blog comment","Article - Niche Specific","starbucks-menus.com","https://starbucks-menus.com/color-etiquette-for-wedding-guests-can-you-wear-black-red-white-or-pastels/","https://www.azazie.com/all/atelier-guest-of-wedding-dresses","1","Yes"
"Blog comment","Article - Niche Specific","liliandmol590244.blog5.net","https://liliandmol590244.blog5.net/90514442/azazie-bridesmaid-dresses-2026-modern-styles-custom-fit-stunning-color-palettes","https://www.azazie.com/all/atelier-guest-of-wedding-dresses","1","Yes"
"Blog comment","Article - Niche Specific","deaconqmhl711777.blog-gold.com","https://deaconqmhl711777.blog-gold.com/56329151/azazie-bridesmaid-dresses-2026-modern-styles-custom-fit-stunning-color-palettes","https://www.azazie.com/all/atelier-guest-of-wedding-dresses","1","Yes"
"Blog comment","Article - Niche Specific","ahouseinthehills.com","https://ahouseinthehills.com/what-colors-to-wear-to-a-wedding-as-a-guest/","https://www.azazie.com/all/atelier-guest-of-wedding-dresses","1","Yes"
"Blog comment","Article - Niche Specific","murraydsac482431.pointblog.net","https://murraydsac482431.pointblog.net/azazie-atelier-wedding-guest-dresses-elegant-styles-for-every-celebration-90759128","https://www.azazie.com/all/atelier-guest-of-wedding-dresses","1","Yes"
"Blog comment","Article - Niche Specific","fayttzk451929.activoblog.com","https://fayttzk451929.activoblog.com/50078677/azazie-atelier-wedding-guest-dresses-elegant-styles-for-every-celebration","https://www.azazie.com/all/atelier-guest-of-wedding-dresses","1","Yes"
"Blog comment","Article - Niche Specific","dawudppfn228700.pointblog.net","https://dawudppfn228700.pointblog.net/azazie-bridesmaid-dresses-2026-modern-styles-custom-fit-stunning-color-palettes-90750137","https://www.azazie.com/all/atelier-guest-of-wedding-dresses","1","Yes"
"Blog comment","Article - Niche Specific","smart.dhgate.com","https://smart.dhgate.com/top-10-best-wedding-clothes-for-every-style-budget-in-2025/","https://petalandpup.com/collections/wedding-guest","1","Yes"
"Blog comment","Article - Niche Specific","nuptiostore.com","https://nuptiostore.com/blogs/news/the-best-wedding-guest-dresses-of-2022","https://www.thereformation.com/bridal/wedding-guest-dresses","1","Yes"
"Blog comment","Article - Niche Specific","fashionfiestas.fashion.blog","https://fashionfiestas.fashion.blog/2023/02/14/what-to-wear-to-a-wedding-for-women-the-ultimate-a-z-guide/","https://www.nordstrom.com/browse/women/clothing/dresses/wedding-guest","1","Yes"
"Blog comment","Article - Niche Specific","macronet.org","https://macronet.org/shefani-instagram/bump-friendly-wedding-guest-dresses","https://balticborn.com/collections/style-guest","1","Yes"
"Blog comment","Article - Niche Specific","macronet.org","https://macronet.org/rlhpvuwf/bump-friendly-dresses-for-wedding","https://balticborn.com/collections/style-guest","1","Yes"
"Blog comment","Article - Niche Specific","macronet.org","https://macronet.org/fj-ladder/baltic-born-wedding-guest-dresses","https://balticborn.com/collections/style-guest","1","Yes"
"Blog comment","Article - Niche Specific","sisidunia.com","https://www.sisidunia.com/25/are-you-ready-to-be-the-best-wedding-guest-find-out-how/","https://showmeyourmumu.com/collections/mumu-weddings-for-guest-dress-code-formal","1","Yes"
"Blog comment","Article - Niche Specific","macronet.org","https://macronet.org/acr/wedding-guest-dress-near-me","https://showmeyourmumu.com/collections/mumu-weddings-for-guest-dress-code-formal","1","Yes"
"Blog comment","Article - Niche Specific","astricknation.com","https://astricknation.com/elegant-black-tie-wedding-guest-dresses/","https://showmeyourmumu.com/collections/mumu-weddings-for-guest-dress-code-formal","1","Yes"
"Blog comment","Article - Niche Specific","trendingus.com","https://www.trendingus.com/best-fall-wedding-guest-dress-trends/","https://www.azazie.com/all/atelier-guest-of-wedding-dresses/with/season/fall","1","Yes"
"Blog comment","Article - Niche Specific","saadbtag312031.activoblog.com","https://saadbtag312031.activoblog.com/48356564/find-your-perfect-azazie-guest-dress-for-any-wedding","https://www.azazie.com/all/atelier-guest-of-wedding-dresses/with/season/fall","1","Yes"
"Blog comment","Article - Niche Specific","marcwqfr583704.blog-gold.com","https://marcwqfr583704.blog-gold.com/54677962/select-your-perfect-wedding-guest-dress","https://www.azazie.com/all/atelier-guest-of-wedding-dresses/with/season/fall","1","Yes"
"Blog comment","Article - Niche Specific","warmspacegloves.com","https://warmspacegloves.com/blue-flowy-midi-dress-for-fall-wedding-guest/","https://us.princesspolly.com/collections/fall-wedding-guest-dresses","1","Yes"
"Blog comment","Article - Niche Specific","themamaison.com","https://themamaison.com/spring-wedding-guest-outfits-4-unexpected-ideas-for-2025/","https://www.lulus.com/categories/2106_8181/spring-wedding-guest-dresses.html","1","Yes"
"Blog comment","Article - Niche Specific","smart.dhgate.com","https://smart.dhgate.com/how-to-dress-for-a-formal-wedding-essential-tips-for-a-stylish-and-appropriate-look/","https://www.theknot.com/content/formal-wedding-attire","1","Yes"
"Blog comment","Article - Niche Specific","momswhosave.com","https://momswhosave.com/what-to-wear-to-a-wedding-guest-style-guide/","https://www.theknot.com/content/formal-wedding-attire","1","Yes"
"Blog comment","Article - Niche Specific","thestyleinspiration.net","https://thestyleinspiration.net/summer-wedding-guest-dresses/","https://www.lulus.com/categories/2106_8201/summer-wedding-guest-dresses.html","1","Yes"
"Blog comment","Article - Niche Specific","macronet.org","https://macronet.org/fj-ladder/midi-length-dresses-for-wedding-guests","https://www.lulus.com/categories/2106_8201/summer-wedding-guest-dresses.html","1","Yes"
"Blog comment","Article - Niche Specific","macronet.org","https://macronet.org/fj-ladder/midi-dress-for-wedding-guest","https://www.lulus.com/categories/2106_8201/summer-wedding-guest-dresses.html","1","Yes"
"Blog comment","Article - Niche Specific","emmalinebride.com","https://emmalinebride.com/wedding-ideas/what-to-wear-stylish-guest-dress/","https://us.princesspolly.com/collections/wedding-guest-dresses","1","Yes"
"Blog comment","Article - Niche Specific","gemmalouise.co.uk","https://gemmalouise.co.uk/2025/12/best-wedding-guest-dress-styles-for-every-theme.html","https://us.princesspolly.com/collections/wedding-guest-dresses","1","Yes"
"Blog comment","Article - Niche Specific","sunnysweatdays.com","https://sunnysweatdays.com/wedding-style-tips/","https://us.princesspolly.com/collections/wedding-guest-dresses","1","Yes"
"Blog comment","Article - Niche Specific","kurier.at","https://kurier.at/style/onlineshops-hier-finden-hochzeitsgaeste-die-besten-outfits/400050284","https://www.anthropologie.com/wedding-guest-dresses","1","No"
"Forum","Other/Uncategorized","sfexaminer.com","https://www.sfexaminer.com/marketplace/your-2026-valentine-s-day-gift-guide-for-every-budget/article_43c4fab2-701e-4b6e-8946-9ac39536a0a9.html","https://macduggal.com/collections/the-wedding-edit","1","No"
"Forum","Other/Uncategorized","vinnews.com","https://vinnews.com/page/251/","https://macduggal.com/collections/the-wedding-edit","1","No"
"Blog comment","Other/Uncategorized","markmeets.com","https://markmeets.com/posts/10-high-end-gifts-for-an-unforgettable-sweet-16/","https://macduggal.com/collections/the-wedding-edit","1","No"
"Blog comment","Other/Uncategorized","sheenmagazine.com","https://www.sheenmagazine.com/11-creative-bachelorette-ask-gift-ideas-your-whole-crew-will-love/","https://macduggal.com/collections/the-wedding-edit","1","No"
"Blog comment","Other/Uncategorized","markmeets.com","https://markmeets.com/posts/10-tools-to-stay-stress-free-when-hosting-thanksgiving/","https://macduggal.com/collections/the-wedding-edit","1","No"
"Blog comment","Other/Uncategorized","markmeets.com","https://markmeets.com/posts/10-fresh-picks-to-take-on-spring-with-cheer/","https://macduggal.com/collections/the-wedding-edit","1","No"
"Forum","Other/Uncategorized","dualstack.du-prd-alb-ext-833928022.us-east-1.elb.amazonaws.com","https://dualstack.du-prd-alb-ext-833928022.us-east-1.elb.amazonaws.com/100218537180","https://www.theknot.com/content/formal-wedding-attire","1","No"
"Forum","Other/Uncategorized","upload.democraticunderground.com","https://upload.democraticunderground.com/100218537180","https://www.theknot.com/content/formal-wedding-attire","1","No"
"Blog comment","Other/Uncategorized","business.richmondchamber.ca","https://business.richmondchamber.ca/ap/Events/Register/8EFBkQKSOCRC7","https://www.theknot.com/content/formal-wedding-attire","1","No"
"Forum","Other/Uncategorized","ww.democraticunderground.org","https://www.ww.democraticunderground.org/100218537180","https://www.theknot.com/content/formal-wedding-attire","1","No"
"Forum","Other/Uncategorized","twitter.democraticunderground.org","https://twitter.democraticunderground.org/100218537180","https://www.theknot.com/content/formal-wedding-attire","1","No"
"Forum","Other/Uncategorized","shiprockhigh.democraticunderground.org","https://shiprockhigh.democraticunderground.org/100218537180","https://www.theknot.com/content/formal-wedding-attire","1","No"
"Forum","Other/Uncategorized","mediafilter.propagandamatrix.zmag.democraticunderground.org","https://mediafilter.propagandamatrix.zmag.democraticunderground.org/100218537180","https://www.theknot.com/content/formal-wedding-attire","1","No"
"Forum","Other/Uncategorized","infowars.democraticunderground.org","https://infowars.democraticunderground.org/100218537180","https://www.theknot.com/content/formal-wedding-attire","1","No"
"Forum","Other/Uncategorized","mediafilter.propagandamatrix.zmag.democraticunderground.org","https://www.mediafilter.propagandamatrix.zmag.democraticunderground.org/100218537180","https://www.theknot.com/content/formal-wedding-attire","1","No"
"Forum","Other/Uncategorized","w.w.democraticunderground.org","https://w.w.democraticunderground.org/100218537180","https://www.theknot.com/content/formal-wedding-attire","1","No"
"Forum","Other/Uncategorized","headtopics.democraticunderground.org","https://headtopics.democraticunderground.org/100218537180","https://www.theknot.com/content/formal-wedding-attire","1","No"
"Forum","Other/Uncategorized","emol.democraticunderground.org","https://emol.democraticunderground.org/100218537180","https://www.theknot.com/content/formal-wedding-attire","1","No"
"Forum","Other/Uncategorized","eyeball-series.democraticunderground.net","https://eyeball-series.democraticunderground.net/100218537180","https://www.theknot.com/content/formal-wedding-attire","1","No"
"Blog comment","Other/Uncategorized","therebelchick.com","https://therebelchick.com/how-to-pull-together-a-cute-look-in-minutes/","https://us.princesspolly.com/collections/wedding-guest-dresses","1","No"
"Blog comment","Spam/Scraper","theyeshivaworld.com","https://www.theyeshivaworld.com/news/general/2415002/a-guide-to-being-the-worlds-best-maid-of-honor-2.html","https://macduggal.com/collections/the-wedding-edit","1","No"
"Blog comment","Spam/Scraper","theyeshivaworld.com","https://www.theyeshivaworld.com/news/general/2414996/a-guide-to-being-the-worlds-best-maid-of-honor.html","https://macduggal.com/collections/the-wedding-edit","1","No"
"Blog comment","Spam/Scraper","besiktastesisatci.com","https://www.besiktastesisatci.com/igphgz/le/seiko/sheraton/14053501550d481","https://clubllondon.us/collections/wedding-guest","1","No"
"Forum","Spam/Scraper","democraticunderground.com","https://www.democraticunderground.com/100218537180","https://www.theknot.com/content/formal-wedding-attire","1","No"
