URL,Item name,Last crawled
https://weddinggueststyle.com/best-wedding-guest-dresses,"2026 Women Summer Dress,Maxi Short Sleeve Floral Dresses,Semi Formal Flowy 
Wedding Guest Dress with Pocket",2026-03-26
https://weddinggueststyle.com/best-wedding-guest-dresses,"Bridesmaid Dresses Long for Women 2025 Satin Mermaid Strapless Pleated 
Formal Evening Party Gowns with Scarf",2026-03-26
https://weddinggueststyle.com/best-wedding-guest-dresses,"Chiffon Bridesmaid Dress for Women - Square Neck A Line Pleated Slit Formal 
Evening Dress with Pockets",2026-03-26
https://weddinggueststyle.com/best-wedding-guest-dresses,"Floral Maxi Summer Wedding Guest Dress Halter Flowy A Line Smocked Tea 
Party Dresses Long Sundress for Women 2026",2026-03-26
https://weddinggueststyle.com/best-wedding-guest-dresses,"Floral Maxi Wedding Guest Dresses for Women 2026 Summer V Neck Bow Tie 
Bodycon Mesh Formal Cocktail Long Dress",2026-03-26
https://weddinggueststyle.com/best-wedding-guest-dresses,"Formal Maxi Wedding Guest Dresses for Women Spaghetti Strap Bow Tie Ruffle 
Bodycon Slit Mesh Cocktail Long Dress",2026-03-26
https://weddinggueststyle.com/best-wedding-guest-dresses,"Glitter Satin Prom Dresses Long 2026 V-Neck Spaghetti Beaded Belt Formal 
Evening Ball Gowns",2026-03-26
https://weddinggueststyle.com/best-wedding-guest-dresses,"Long Sleeve Dress for Women Floral Print Ruched Wedding Guest Maxi Dresses 
Tight Fitted Cocktail Party Bodycon Dress",2026-03-26
https://weddinggueststyle.com/best-wedding-guest-dresses,"Long Sleeve Sequin Prom Dress 2026 Mermaid V Neck Pleats Formal Evening 
Gowns with Slit",2026-03-26
https://weddinggueststyle.com/best-wedding-guest-dresses,"Long Sleeve Sequin Prom Dress Mermaid One Shoulder Floor Length Formal 
Evening Party Gown",2026-03-26
https://weddinggueststyle.com/best-wedding-guest-dresses,"Milkmaid Corset Dress for Women Summer Wedding Guest Dresses Cocktail 
Floral Sundress with Pockets",2026-03-26
https://weddinggueststyle.com/best-wedding-guest-dresses,"Off The Shoulder Bodycon Floral Dress 2026 Fall Long Sleeve Maxi Wedding 
Guest Cocktail Going Out Club Dresses",2026-03-26
https://weddinggueststyle.com/best-wedding-guest-dresses,"Off The Shoulder Bridesmaid Dresses with Pockets Ruched Chiffon Long Slit 
Formal Evening Gown",2026-03-26
https://weddinggueststyle.com/best-wedding-guest-dresses,"Satin Ruffle Prom Dresses Long for Women Spaghetti Straps Mermaid Slit 
Cocktail Dresses Formal Gowns for Teens",2026-03-26
https://weddinggueststyle.com/best-wedding-guest-dresses,"Sexy Backless Maxi Formal Dress for Women with Sequin, Sleeveless Pleated 
Evening Gowns for Wedding and Cocktail",2026-03-26
https://weddinggueststyle.com/best-wedding-guest-dresses,"Simplee Women's 2025 Velvet Short Sleeve Cocktail Dress Fall Winter Casual 
V Neck Empire Waist Mini Dresses with Pockets",2026-03-26
https://weddinggueststyle.com/best-wedding-guest-dresses,"Simplee Women's Short Sleeve Velvet Maxi Dress V Neck Empire Waist Long 
Formal Wedding Guest Dresses",2026-03-26
https://weddinggueststyle.com/best-wedding-guest-dresses,"Sparkly Mother of The Bride Dresses for Women Long Chiffon 3/4 Sleeve Lace 
Appliques Formal Gown",2026-03-26
https://weddinggueststyle.com/best-wedding-guest-dresses,"Summer Dresses for Women 2026 Spaghetti Straps Sundress Twist Knot Mesh 
Mermaid Wedding Guest Dress Beach Vacation",2026-03-26
https://weddinggueststyle.com/best-wedding-guest-dresses,"Summer Dresses for Women 2026 Spring Casual Sleeveless V Neck Pleated Midi 
Work Cocktail Wedding Guest Dress",2026-03-26
https://weddinggueststyle.com/best-wedding-guest-dresses,"Summer Dresses for Women 2026 Strapless Maxi Ruched Bodycon Floral Ruffle 
Cocktail Formal Wedding Guest Dress",2026-03-26
https://weddinggueststyle.com/best-wedding-guest-dresses,"Sweetheart Chiffon Bridesmaid Dresses with Slit Long Pleated Prom Dress 
Strapless Formal Party Gowns",2026-03-26
https://weddinggueststyle.com/best-wedding-guest-dresses,"Tea Length Mother of The Bride Dresses for Women High Low Formal Dress with 
Sleeves Lace Evening Gown",2026-03-26
https://weddinggueststyle.com/best-wedding-guest-dresses,"Tea Length Satin Mother of The Bride Dresses for Women A Line V Neck Cap 
Sleeve Formal Evening Party Gowns",2026-03-26
https://weddinggueststyle.com/best-wedding-guest-dresses,"Velvet Wedding Guest Dress - Fall Formal Holiday V Neck Empire Waist Long 
Dresses",2026-03-26
https://weddinggueststyle.com/best-wedding-guest-dresses,"Wedding Guest Dresses for Women Beach Fashion Casual Short Sleeve V Neck 
Solid Spring Summer Boho Maxi Dress",2026-03-26
https://weddinggueststyle.com/best-wedding-guest-dresses,"Women Floral Corset Dress Summer Wedding Guest Dresses Flowy A Line Midi 
Sundress with Pockets",2026-03-26
https://weddinggueststyle.com/best-wedding-guest-dresses,"Women Floral Ruffle Bodycon Maxi Dress 2026 Summer Spaghetti Strap V Neck 
Mesh Slit Wedding Guest Beach Party Dresses",2026-03-26
https://weddinggueststyle.com/best-wedding-guest-dresses,"Women Floral Summer Sun Dress Flutter Sleeve Smocked Chiffon Midi Dress 
Casual Boho Flowy Dress with Pockets",2026-03-26
https://weddinggueststyle.com/best-wedding-guest-dresses,"Women Floral Wedding Guest Bodycon Maxi Dress Summer Cowl Neck Formal Party 
Elegant Long Dresses 2026",2026-03-26
https://weddinggueststyle.com/best-wedding-guest-dresses,"Women Formal Wedding Guest Long Cocktail Party One Shoulder Mesh Ruched 
Bodycon Maxi Ruffle Slit Dress",2026-03-26
https://weddinggueststyle.com/best-wedding-guest-dresses,"Women Halter Lace Wedding Guest Dress Hi-Lo Cocktail Party Bridesmaid 
Formal Dresses",2026-03-26
https://weddinggueststyle.com/best-wedding-guest-dresses,"Women Summer Maxi Dress Formal Short Sleeve Embroidery Floral Boho Wedding 
Guest Tea Party V Neck Dresses 2026",2026-03-26
https://weddinggueststyle.com/best-wedding-guest-dresses,"Women Summer One Shoulder Maxi Dress Sleeveless Ruched Mesh Long Beach 
Vacation Floral Sundresses Wedding Guest Dress",2026-03-26
https://weddinggueststyle.com/best-wedding-guest-dresses,"Women Summer Strapless Maxi Dress 2026 Bodycon Floral Long Wedding Guest 
Dress Formal Tube Mesh Cocktail Dresses",2026-03-26
https://weddinggueststyle.com/best-wedding-guest-dresses,"Women Wedding Guest Dress Elegant V Neck Flutter Sleeve Formal Party Gown 
Lustrous Knit Sparkle Cocktail",2026-03-26
https://weddinggueststyle.com/best-wedding-guest-dresses,"Women's 2026 Sexy Sleeveless Twist Backless Knitted Ribbed Side Split 
Bodycon Party Midi Length Dress",2026-03-26
https://weddinggueststyle.com/best-wedding-guest-dresses,"Women's 2026 Summer Bodycon Midi Dress Casual Striped Cap Sleeve Party 
Wedding Guest Dresses Vacation Outfits",2026-03-26
https://weddinggueststyle.com/best-wedding-guest-dresses,"Women's 2026 Summer Floral Bodycon Dress Short Sleeve Ruched Mesh Wedding 
Guest Cocktail Party Midi Dresses",2026-03-26
https://weddinggueststyle.com/best-wedding-guest-dresses,"Women's 2026 Summer Floral Strapless Dress Bodycon Tube Slit Mesh Wedding 
Guest Cocktail Party Maxi Dresses",2026-03-26
https://weddinggueststyle.com/best-wedding-guest-dresses,"Women's 2026 Summer Sleeveless Dress Bodycon Mesh Wedding Guest Formal 
Cocktail Party Maxi Dresses",2026-03-26
https://weddinggueststyle.com/best-wedding-guest-dresses,"Women's 2026 Summer Wedding Guest Dress Short Sleeve Square Neck Boho Maxi 
Dresses Tulle Clothes Floral Dresses",2026-03-26
https://weddinggueststyle.com/best-wedding-guest-dresses,"Women's 3/4 Sleeve Casual Dress Pleated Loose Swing Knee Length Dresses 
with Pockets 2026 New",2026-03-26
https://weddinggueststyle.com/best-wedding-guest-dresses,"Women's Cowl Neck Bridesmaid Dresses Long for Wedding Ruched Chiffon Wrap 
Slit Formal Evening Party Gown",2026-03-26
https://weddinggueststyle.com/best-wedding-guest-dresses,"Women's Elegant Open Back Satin Halter Dress for Wedding Guest Evening Gown 
Party Cocktail Formal Events",2026-03-26
https://weddinggueststyle.com/best-wedding-guest-dresses,"Women's Fall Off Shoulder Floral Maxi Dresses Formal Long Sleeve Bodycon 
Cocktail Wedding Guest Dress",2026-03-26
https://weddinggueststyle.com/best-wedding-guest-dresses,"Women's Fall Wedding Guest Dress Long Sleeve Cocktail Date Night Sexy Y2K 
Bodycon Ruched Mesh Formal Maxi Dresses",2026-03-26
https://weddinggueststyle.com/best-wedding-guest-dresses,"Women's Floral Boho Long Sleeve Maxi Dress V Neck Empire Waist Swing Flowy 
Wedding Guest Dress",2026-03-26
https://weddinggueststyle.com/best-wedding-guest-dresses,"Women's Floral Halter Midi Dress Summer Casual Sleeveless Pleated V Neck 
Flowy Beach Vacation Sun Dresses with Pockets",2026-03-26
https://weddinggueststyle.com/best-wedding-guest-dresses,"Women's Floral Strapless Maxi Dress 2026 Summer Mesh Tube Bodycon Formal 
Wedding Guest Cocktail Party Long Dresses",2026-03-26
https://weddinggueststyle.com/best-wedding-guest-dresses,"Women's Formal Cocktail Maxi Dresses 2026 Summer Off Shoulder Floral Mesh 
Bodycon Spring Wedding Guest Dress",2026-03-26
https://weddinggueststyle.com/best-wedding-guest-dresses,"Women's Halter Floral Midi Dress Ruched Backless Flowy A Line Summer Beach 
Wedding Guest Dresses with Pockets",2026-03-26
https://weddinggueststyle.com/best-wedding-guest-dresses,"Women's Long Sleeve Bodycon Dresses 2026 Spring Sexy Floral Mesh Slit 
Ruched Tight Maxi Wedding Guest Dress",2026-03-26
https://weddinggueststyle.com/best-wedding-guest-dresses,"Women's Mock Neck Sleeveless Mesh Back Slit Ruched Bodycon Wedding Guest 
Cocktail Evening Party Midi Dresses",2026-03-26
https://weddinggueststyle.com/best-wedding-guest-dresses,"Women's Off the Shoulder Wrap Prom Dresses Tea Length Bridesmaid Dress 
Satin Short Formal Gowns",2026-03-26
https://weddinggueststyle.com/best-wedding-guest-dresses,"Women's One Shoulder Maxi Bodycon Mesh Ruched Floral Beach Cocktail Wedding 
Guest Dress with Side Slit",2026-03-26
https://weddinggueststyle.com/best-wedding-guest-dresses,"Women's Sexy Crew Neck Lounge Long Dress Elegant Long Sleeve Ribbed Bodycon 
Maxi Dresses",2026-03-26
https://weddinggueststyle.com/best-wedding-guest-dresses,"Women's Sleeveless Floral Bodycon Maxi Dress 2026 Summer Ruched Mesh 
Wedding Guest Cocktail Party Dresses",2026-03-26
https://weddinggueststyle.com/best-wedding-guest-dresses,"Women's Sleeveless Halter Ribbed Knit Bodycon Midi Slimming Side Slit 
Summer Night Out Vacation Dress",2026-03-26
https://weddinggueststyle.com/best-wedding-guest-dresses,"Women's Sleeveless Mesh Floral Summer 2025 Ruched Bodycon Slit Wedding 
Guest Cocktail Party Midi Dress",2026-03-26
https://weddinggueststyle.com/best-wedding-guest-dresses,"Women's Sparkly Prom Dresses Formal Off Shoulder Tea Party V-Neck Spaghetti 
Straps A-line Sequin Cocktail Dress",2026-03-26
https://weddinggueststyle.com/best-wedding-guest-dresses,"Women's Spring Floral Wedding Guest Bodycon Dresses 2026 Long Sleeve 
Crewneck Mesh Ruffle Mermaid Party Maxi Dress",2026-03-26
https://weddinggueststyle.com/best-wedding-guest-dresses,"Women's Spring Wedding Guest Dress 2026 Long Sleeve Bodycon Floral Mesh 
Fall Cocktail Holiday Party Maxi Dresses",2026-03-26
https://weddinggueststyle.com/best-wedding-guest-dresses,"Women's Strapless Chiffon Prom Dresses Long with Slit Mermaid Corset Formal 
Party Dress VS165",2026-03-26
https://weddinggueststyle.com/best-wedding-guest-dresses,"Women's Summer Boho Floral Maxi Dress Short Sleeve Square Neck Smocked 
Ruffle Elegant Wedding Guest Dress",2026-03-26
https://weddinggueststyle.com/best-wedding-guest-dresses,"Women's Summer Boho Floral Midi Dress 2026 Casual Ruffle Cap Sleeve Beach 
Wedding Guest Flowy Tiered Long Dresses",2026-03-26
https://weddinggueststyle.com/best-wedding-guest-dresses,"Women's Summer Maxi Dresses 2026 Elegant Strapless Boho Floral Mesh 
Vacation Beach Dress Wedding Guest Dresses",2026-03-26
https://weddinggueststyle.com/best-wedding-guest-dresses,"Women's Summer Maxi Floral Dresses Ruched Bodycon Sleeveless Mesh Formal 
Wedding Guest Cocktail Split Long Dress",2026-03-26
https://weddinggueststyle.com/best-wedding-guest-dresses,"Women's Summer Sleeveless Midi Dress 2026 Strapless Ruched A Line Flowy 
Wedding Guest Party Beach Long Dresses",2026-03-26
https://weddinggueststyle.com/best-wedding-guest-dresses,"Women's Summer Strapless Floral Midi Dress 2026 Bodycon Mesh Tube Wedding 
Guest Cocktail Party Formal Dresses",2026-03-26
https://weddinggueststyle.com/best-wedding-guest-dresses,"Women's V Neck Long Sleeves Prom Dresses with Pockets Satin Ball Gowns 
LZ-011",2026-03-26
https://weddinggueststyle.com/best-wedding-guest-dresses,"Womens 2026 Summer Boho Strapless Midi Dresses Off Shoulder Smocked Eyelet 
Wedding Guest Beach Long Dress Pockets",2026-03-26
https://weddinggueststyle.com/best-wedding-guest-dresses,"Womens Basic Sexy Square Neck Long Sleeve Soft Lounge Long Dress Fall 
Casual Ribbed Bodycon Maxi Dresses",2026-03-26
https://weddinggueststyle.com/best-wedding-guest-dresses,"Womens Basic Sexy Square Neck Long Sleeve Soft Lounge Long Dress Fall 
Casual Ribbed Bodycon Maxi Dresses",2026-03-26
https://weddinggueststyle.com/best-wedding-guest-dresses,"Womens Boat Neck Formal Bodycon Maxi Sleeveless Slim Fitted Wedding Guest 
Long Cocktail Mermaid Dress",2026-03-26
https://weddinggueststyle.com/best-wedding-guest-dresses,"Womens Casual Summer Dresses 2026 V Neck Short Sleeve Empire Waist Flowy A 
Line Ruffle Tiered Mini Sundress",2026-03-26
https://weddinggueststyle.com/best-wedding-guest-dresses,"Womens Elegant Halter Neck Formal Bodycon Fitted Wedding Guest Long 
Cocktail Evening Mermaid Maxi Dress",2026-03-26
https://weddinggueststyle.com/best-wedding-guest-dresses,"Womens Fall Velvet Dress Short Sleeve V Neck Floral Maxi Dress Long Formal 
Winter Wedding Guest Dresses",2026-03-26
https://weddinggueststyle.com/best-wedding-guest-dresses,"Womens Floral Long Sleeve Mini Dress Boho Square Neck Smocked A-Line Flowy 
Short Wedding Guest Dresses",2026-03-26
https://weddinggueststyle.com/best-wedding-guest-dresses,"Womens Floral Mini Dress Long Sleeve Casual V Neck Chiffon Modest Boho 
Flowy Fall Wedding Guest Dresses",2026-03-26
https://weddinggueststyle.com/best-wedding-guest-dresses,"Womens Long Sleeve Maxi Dresses 2026 Spring Ruched Bodycon Floral Mesh 
Formal Wedding Guest Cocktail Party Dress",2026-03-26
https://weddinggueststyle.com/best-wedding-guest-dresses,"Womens Off The Shoulder Floral Maxi Bodycon Dress Fall Long Sleeve Mesh 
Fitted Long Formal Wedding Guest Dresses",2026-03-26
https://weddinggueststyle.com/best-wedding-guest-dresses,"Womens Off The Shoulder Wedding Guest Maxi Long Dress 2026 Sexy Mesh One 
Shoulder Formal Cocktail Bodycon Dresses",2026-03-26
https://weddinggueststyle.com/best-wedding-guest-dresses,Womens Short Sheath Slimming Stretch Halter Neck DressSpecial Occasion Dress,2026-03-26
https://weddinggueststyle.com/best-wedding-guest-dresses,"Womens Sparkly Lace Appliques Chiffon Prom Dresses V-Neck Spaghetti Straps 
Formal Dress Long Ball Gowns with Slit",2026-03-26
https://weddinggueststyle.com/best-wedding-guest-dresses,"Womens Spring Wedding Guest Dress 2026 Summer Beach Floral Cocktail Party 
Formal Ruffle Bodycon Maxi Dresses",2026-03-26
https://weddinggueststyle.com/best-wedding-guest-dresses,"Womens Summer Floral Dress Casual Short Sleeve V Neck Empire Waist Boho 
Flowy A Line Mini Wedding Guest Dresses",2026-03-26
https://weddinggueststyle.com/best-wedding-guest-dresses,"Womens Summer Floral Maxi Dress Sleeveless Cowl Neck Stretch Bodycon 
Cocktail Party Wedding Guest Dresses",2026-03-26
https://weddinggueststyle.com/best-wedding-guest-dresses,"Womens Summer Strapless Maxi Dress 2026 Boho Floral Off Shoulder Wedding 
Guest Dresses Tiered Beach Long Sundress",2026-03-26
https://weddinggueststyle.com/best-wedding-guest-dresses,"Womens Summer Wedding Guest Dress 2026 Spring Mesh Sleeveless Bodycon 
Ruched Floral Holiday Maxi Long Dresses",2026-03-26
https://weddinggueststyle.com/best-wedding-guest-dresses,"Womens Summer Wedding Guest Dress Floral Bodycon Mesh Tank Sleeveless 
Ruched Sexy Party Spring Formal Maxi Dress",2026-03-26
https://weddinggueststyle.com/best-wedding-guest-dresses,"Women’s Elegant Floral Bodycon Maxi Dress Formal Long Sleeve Mock Neck 
Wedding Guest Party Cocktail Dress",2026-03-26
https://weddinggueststyle.com/best-wedding-guest-dresses,"Women’s Lace Appliques Satin Prom Dresses Off The Shoulder Long Formal 
Dress Pleated Sequin High Slit Evening Gowns",2026-03-26
https://weddinggueststyle.com/best-wedding-guest-dresses,"Women’s Sleeveless Halter Midi Dress with Pockets Ruched Casual Sundress 
for Beach Party and 2026 Summer Vacation",2026-03-26
https://weddinggueststyle.com/best-wedding-guest-dresses,"Women’s Summer Floral Wedding Guest Maxi Dress Spring Halter Cowl Neck 
Flowy Formal Cocktail Long Beach Dresses",2026-03-26
https://weddinggueststyle.com/yellow-wedding-guest-dresses,"2 Piece Mother of The Bride Dresses for Wedding with Jacket Lace Applique 
Formal Wedding Guest Dress",2026-03-25
https://weddinggueststyle.com/yellow-wedding-guest-dresses,"Bridesmaid Dresses for Women 2025 Long Halter Chiffon Pleated A-Line Formal 
Party Gowns",2026-03-25
https://weddinggueststyle.com/yellow-wedding-guest-dresses,"Chiffon Bridesmaid Dress for Women - Square Neck A Line Pleated Slit Formal 
Evening Dress with Pockets",2026-03-25
https://weddinggueststyle.com/yellow-wedding-guest-dresses,"Chiffon Bridesmaid Dresses Halter Long Prom Dress A-Line Ruched Formal 
Evening Gowns with Slit",2026-03-25
https://weddinggueststyle.com/yellow-wedding-guest-dresses,"Chiffon Cold Shoulder Bridesmaid Dresses for Women 2026 A-line Long with 
Slit Formal Wedding Guest Dress",2026-03-25
https://weddinggueststyle.com/yellow-wedding-guest-dresses,"Cocktail Dress for Women Cap Sleeve Lace Dress for Wedding Guest Business 
Casual Dresses",2026-03-25
https://weddinggueststyle.com/yellow-wedding-guest-dresses,"Cowl Neck Velvet Bridesmaid Dress for Women 2024 Long Sleeve Pleated 
Mermaid Wedding Guest Dress with Slit",2026-03-25
https://weddinggueststyle.com/yellow-wedding-guest-dresses,"Elegant Ruffle Long Formal Wedding Guest Dress Ruched Bodycon Slit Maxi 
Cocktail Dresses for Women",2026-03-25
https://weddinggueststyle.com/yellow-wedding-guest-dresses,"Glitter Tulle Prom Dress Long Ball Gown 2026 Spaghetti Straps Sweetheart 
Formal Evening Dress with Slit",2026-03-25
https://weddinggueststyle.com/yellow-wedding-guest-dresses,"Jacquard Maxi Dress, V Neck A Line, Wedding Guest Prom, Halter Corset 
Pastel Tea Party Vacation Semi Formal",2026-03-25
https://weddinggueststyle.com/yellow-wedding-guest-dresses,"Lace Appliques Mother of The Bride Dress Sequins Crewneck 3/4 Sleeves 
A-Line Elegant Formal Dresses",2026-03-25
https://weddinggueststyle.com/yellow-wedding-guest-dresses,"Long Black Formal Dresses for Women Gowns Evening Party Cocktail 
Dress,Split Elegant V Neck Wrap Ruffle Wedding Guest Dr",2026-03-25
https://weddinggueststyle.com/yellow-wedding-guest-dresses,"Long Sleeve 3D Butterfly Prom Dresses for Women Formal Fairy Ball Gowns 
Corset Tulle Evening Gowns with Slit 2026",2026-03-25
https://weddinggueststyle.com/yellow-wedding-guest-dresses,"Long Sleeve Mini Dresses for Women Spring Mesh Floral Crewneck Bodycon 
Wedding Guests Cocktail Party Short Dress",2026-03-25
https://weddinggueststyle.com/yellow-wedding-guest-dresses,"Long Sleeve Sequin Prom Dress Mermaid One Shoulder Floor Length Formal 
Evening Party Gown",2026-03-25
https://weddinggueststyle.com/yellow-wedding-guest-dresses,"Mermaid One Shoulder Bridesmaid Dresses for Women Satin Long Corset Prom 
Dresses Formal Evening Gown",2026-03-25
https://weddinggueststyle.com/yellow-wedding-guest-dresses,"Milkmaid Corset Dress for Women Summer Wedding Guest Dresses Cocktail 
Floral Sundress with Pockets",2026-03-25
https://weddinggueststyle.com/yellow-wedding-guest-dresses,"Mother of The Bride Dresses Chiffon Lace Applique Short Sleeve Mother of 
The Groom Dress Long Formal Dress with Pocket",2026-03-25
https://weddinggueststyle.com/yellow-wedding-guest-dresses,"Off Shoulder Bridesmaid Dresses for Women - Long Chiffon Ruched Formal 
Evening Dress with Slit",2026-03-25
https://weddinggueststyle.com/yellow-wedding-guest-dresses,"Off The Shoulder Bridesmaid Dresses with Pockets Ruched Chiffon Long Slit 
Formal Evening Gown",2026-03-25
https://weddinggueststyle.com/yellow-wedding-guest-dresses,"Off The Shoulder Maxi Long Dress Corset Ruched Bodycon Cocktail Formal 
Wedding Guest Dresses for Women",2026-03-25
https://weddinggueststyle.com/yellow-wedding-guest-dresses,"One Shoulder Bridesmaid Dresses for Women Long Chiffon Formal Evening Dress 
with Slit A Line Party Gown PE3800",2026-03-25
https://weddinggueststyle.com/yellow-wedding-guest-dresses,"One Shoulder Bridesmaid Dresses for Women Mermaid Satin Pleated Formal 
Evening Gowns for Wedding with Slit",2026-03-25
https://weddinggueststyle.com/yellow-wedding-guest-dresses,"One Shoulder Bridesmaid Dresses with Pockets Long A Line Formal Party Dress 
Pleated Chiffon Evening Gowns WH33",2026-03-25
https://weddinggueststyle.com/yellow-wedding-guest-dresses,"One Shoulder Chiffon Bridesmaid Dress Long Slit Wedding Guest Dress with 
Pockets DY18",2026-03-25
https://weddinggueststyle.com/yellow-wedding-guest-dresses,One Shoulder Chiffon Bridesmaid Dresses Plus Size Long Formal Party Dress,2026-03-25
https://weddinggueststyle.com/yellow-wedding-guest-dresses,"One Shoulder Simple Chiffon Bridesmaid Dress Long Empire Waist Formal 
Dresses CYN003",2026-03-25
https://weddinggueststyle.com/yellow-wedding-guest-dresses,"One Shoulder Wedding Guest Dress Fall Satin Midi Dress Bridesmaid Dresses 
Ruffle Ankle Length Formal Party Gowns",2026-03-25
https://weddinggueststyle.com/yellow-wedding-guest-dresses,"POMUYOOV Neck Bridesmaid Dresses for Women Long Sleeve Chiffon Pleated 
Formal Dresses Evening Gown with Slit GMYG184",2026-03-25
https://weddinggueststyle.com/yellow-wedding-guest-dresses,"Ruffle Bridesmaid Dresses for Women Long V Neck Chiffon Ruched Flowy Formal 
Dress for Wedding",2026-03-25
https://weddinggueststyle.com/yellow-wedding-guest-dresses,"Satin Bridesmaid Dress for Wedding Strapless Keyhole Prom Dresses 2026 
Formal Evening Party Gowns for Women KF060",2026-03-25
https://weddinggueststyle.com/yellow-wedding-guest-dresses,"Satin Bridesmaid Dresses for Women 2025 Strapless Long Formal Wedding Party 
Gown",2026-03-25
https://weddinggueststyle.com/yellow-wedding-guest-dresses,"Satin Bridesmaid Dresses for Women 2026 Short Ruffle Sleeves Long Wedding 
Guest Dress with Slit",2026-03-25
https://weddinggueststyle.com/yellow-wedding-guest-dresses,"Satin One Shoulder Bridesmaid Dresses for Women Mermaid Corset Prom Dress 
Long Formal Evening Gown",2026-03-25
https://weddinggueststyle.com/yellow-wedding-guest-dresses,"Satin One Shoulder Evening Dresses for Women Tea Length A Line Elegant 
Wedding Guest Dress with Pocket",2026-03-25
https://weddinggueststyle.com/yellow-wedding-guest-dresses,"Satin Prom Dresses Long for Women A-Line Beaded Belt Formal Evening Party 
Ball Gowns with Pockets",2026-03-25
https://weddinggueststyle.com/yellow-wedding-guest-dresses,"Satin Square Neck Bridesmaid Dresses for Women Elegant A-Line Spaghetti 
Straps Pleated with Slit Long Prom Gown",2026-03-25
https://weddinggueststyle.com/yellow-wedding-guest-dresses,"Satin Tie Back Maxi Dresses for Women 2025 Cowl Neck Spaghetti Strap Ruched 
Backless Bridesmaid Wedding Guest Dress",2026-03-25
https://weddinggueststyle.com/yellow-wedding-guest-dresses,"Spaghetti Straps Bridesmaid Dresses for Women Chiffon Long A Line Formal 
Evening Gown with Slit",2026-03-25
https://weddinggueststyle.com/yellow-wedding-guest-dresses,"Spaghetti Straps Chiffon Bridesmaid Dresses for Women Long Pleated Formal 
Evening Prom Party Gown",2026-03-25
https://weddinggueststyle.com/yellow-wedding-guest-dresses,"Spaghetti Straps Prom Dresses Long for Women 2026 A Line Sequin Satin 
Formal Evening Party Ball Gowns with Slit",2026-03-25
https://weddinggueststyle.com/yellow-wedding-guest-dresses,"Square Neck Satin Bridesmaid Dresses with Slit Sleeves Long Formal Evening 
Dress for Women with Pockets",2026-03-25
https://weddinggueststyle.com/yellow-wedding-guest-dresses,"Strapless Bridesmaid Dresses for Women Long Scarf Ruched Chiffon Formal 
Wedding Guest Dress with Slit",2026-03-25
https://weddinggueststyle.com/yellow-wedding-guest-dresses,"Strapless Chiffon Prom Dresses for Women Tiered Ruffles Bridesmaid Dress 
Long A-Line Formal Evening Party Gowns",2026-03-25
https://weddinggueststyle.com/yellow-wedding-guest-dresses,"Summer Dresses for Women 2026 Boho Swiss Dot Smocked Square Neck Short 
Sleeve Spring Wedding Guest Maxi Dress",2026-03-25
https://weddinggueststyle.com/yellow-wedding-guest-dresses,"Summer Maxi Dresses for Women Casual Sleeveless V Neck Elastic Waist Midi 
Wedding Guest Beach Dress with Pockets",2026-03-25
https://weddinggueststyle.com/yellow-wedding-guest-dresses,"Sun Dresses for Women Spring Summer Floral Midi Flowy Spaghetti Ruffle 
Wedding Guest Tea Party Dress",2026-03-25
https://weddinggueststyle.com/yellow-wedding-guest-dresses,"Sweetheart Chiffon Bridesmaid Dresses with Slit Long Pleated Prom Dress 
Strapless Formal Party Gowns",2026-03-25
https://weddinggueststyle.com/yellow-wedding-guest-dresses,"Tea Length Satin Mother of The Bride Dresses for Women A Line V Neck Cap 
Sleeve Formal Evening Party Gowns",2026-03-25
https://weddinggueststyle.com/yellow-wedding-guest-dresses,V Neck Tulle Prom Dresses 2026 Long Sparkly Lace Formal Party Dress CLN011,2026-03-25
https://weddinggueststyle.com/yellow-wedding-guest-dresses,"Women 2026 Spaghetti Strap Midi Summer Dresses Sleeveless V Neck Cutout 
Slit Casual Beach Party Maxi Dress Pockets",2026-03-25
https://weddinggueststyle.com/yellow-wedding-guest-dresses,"Women Elegant Summer Casual Bodycon Maxi Dress Sexy V Neck Halter Ruffle 
Wedding Guest Long Dresses",2026-03-25
https://weddinggueststyle.com/yellow-wedding-guest-dresses,"Women Summer Strapless Maxi Dress Bodycon Floral Sexy Long Wedding Guest 
Dress Formal Tube Mesh Cocktail Dresses",2026-03-25
https://weddinggueststyle.com/yellow-wedding-guest-dresses,"Women's 2025 Summer Satin Backless Elegant Dress for Wedding Guest Silk 
Sleeveless Cowl Neck Party Formal Maxi Dresses",2026-03-25
https://weddinggueststyle.com/yellow-wedding-guest-dresses,"Women's 2026 Summer Floral Strapless Maxi Dress Bodycon Tube Side Slit Mesh 
Wedding Guest Cocktail Party Long Dresses",2026-03-25
https://weddinggueststyle.com/yellow-wedding-guest-dresses,"Women's Boho Off Shoulder Wedding Guest Dress 2026 Spring Summer Side Split 
Flowy A Line Long Maxi Dresses",2026-03-25
https://weddinggueststyle.com/yellow-wedding-guest-dresses,"Women's Bridesmaid Dresses 2025 with Slit A Line Formal Dress with Pockets 
PUS047",2026-03-25
https://weddinggueststyle.com/yellow-wedding-guest-dresses,"Women's Chiffon Bridesmaid Dresses with Ruffle Sleeves Long V Neck Formal 
Dresses VS001",2026-03-25
https://weddinggueststyle.com/yellow-wedding-guest-dresses,"Women's Chiffon Bridesmaid Dresses with Sleeves V Neck Wedding Guest Dress 
Long Slit Formal Party Gown",2026-03-25
https://weddinggueststyle.com/yellow-wedding-guest-dresses,"Women's Chiffon Sleeveles Bridesmaid Dress Ruched A Line Hollow Out Crew 
Neck Formal Wedding Guest Dresses",2026-03-25
https://weddinggueststyle.com/yellow-wedding-guest-dresses,"Women's Cocktail Dresses 3/4 Sleeve Formal Vintage Wedding Guest Dress 
(XS-3XL)",2026-03-25
https://weddinggueststyle.com/yellow-wedding-guest-dresses,"Women's Cowl Neck Bridesmaid Dresses Long for Wedding Ruched Chiffon Wrap 
Slit Formal Evening Party Gown",2026-03-25
https://weddinggueststyle.com/yellow-wedding-guest-dresses,Women's Elegant Off Shoulder Split Hem Bodycon Ruched Midi Club Party Dress,2026-03-25
https://weddinggueststyle.com/yellow-wedding-guest-dresses,Women's Floral Chiffon Fit & Flare Midi Dress,2026-03-25
https://weddinggueststyle.com/yellow-wedding-guest-dresses,"Women's Floral Spring Summer Wedding Guest Dress Bridal Shower Cocktail Tea 
Party Beach Midi Sun Dress 2026",2026-03-25
https://weddinggueststyle.com/yellow-wedding-guest-dresses,"Women's Floral Strapless Bodycon Wedding Guest Dress Vacation Summer 
Birthday Tropical Maxi Long Sun Dresses",2026-03-25
https://weddinggueststyle.com/yellow-wedding-guest-dresses,"Women's Long Sleeve Crew Neck Bridesmaid Dresses Plus Size Chiffon Formal 
Evening Gowns with Pockets PUS048",2026-03-25
https://weddinggueststyle.com/yellow-wedding-guest-dresses,"Women's Mermaid Prom Dresses with Slit Sequin Lace Square Neck Corset 
Formal Dress Long Evening Ball Gown",2026-03-25
https://weddinggueststyle.com/yellow-wedding-guest-dresses,"Women's Off The Shoulder Bridesmaid Dresses with Slit Satin Formal Gowns 
Long Prom Evening Party Dress with Pockets",2026-03-25
https://weddinggueststyle.com/yellow-wedding-guest-dresses,"Women's Off The Shoulder Long Bridesmaid Dresses for Wedding Chiffon Ruched 
Formal Evening Gowns with Slit",2026-03-25
https://weddinggueststyle.com/yellow-wedding-guest-dresses,"Women's Plus Size Ruffle Sleeves Off Shoulder Empire Waist A Line Chiffon 
Wedding Guest Dress 02103-DA",2026-03-25
https://weddinggueststyle.com/yellow-wedding-guest-dresses,"Women's Satin Bridesmaid Dresses with Slit Mermaid Off Shoulder Long Corset 
Prom Dresses Formal Gowns",2026-03-25
https://weddinggueststyle.com/yellow-wedding-guest-dresses,"Women's Satin Mermaid Prom Dresses with Slit Halter Long Corset Formal 
Dresses Ruched Evening Gown",2026-03-25
https://weddinggueststyle.com/yellow-wedding-guest-dresses,"Women's Sequin Prom Dresses with Slit Mermaid Long Ball Gown Ruched Sparkly 
Formal Evening Gown",2026-03-25
https://weddinggueststyle.com/yellow-wedding-guest-dresses,"Women's Sexy V Neck Backless Bodycon Spaghetti Strap Elegant Ruffle Maxi 
Cocktail Party Dresses",2026-03-25
https://weddinggueststyle.com/yellow-wedding-guest-dresses,"Women's Sleeveless Bodycon Corset Maxi Dress Spaghetti Strap Ruched Elegant 
Evening Wedding Guest Long Formal Dresses",2026-03-25
https://weddinggueststyle.com/yellow-wedding-guest-dresses,"Women's Square Neck Chiffon Bridesmaid Dresses with Pockets Pleated A Line 
Formal Evening Dresses with Slit",2026-03-25
https://weddinggueststyle.com/yellow-wedding-guest-dresses,"Women's Summer Floral Sleeveless Bodycon Dress 2026 Square Neck Ruched 
Wedding Guest Party Maxi Dresses",2026-03-25
https://weddinggueststyle.com/yellow-wedding-guest-dresses,"Women's Summer Strapless Floral Midi Dress 2026 Bodycon Mesh Tube Wedding 
Guest Cocktail Party Formal Dresses",2026-03-25
https://weddinggueststyle.com/yellow-wedding-guest-dresses,"Women's V Neck Chiffon Bridesmaid Dresses for Wedding Short Sleeve Long 
Formal Dress Party Gowns with Slit",2026-03-25
https://weddinggueststyle.com/yellow-wedding-guest-dresses,"Women's V Neck Satin Bridesmaid Dresses for Wedding Pleated Long Slit 
Formal Evening Party Gown",2026-03-25
https://weddinggueststyle.com/yellow-wedding-guest-dresses,"Women's V Neck Satin Bridesmaid Dresses with Sleeves Slit A Line Long 
Formal Dress Party Gowns",2026-03-25
https://weddinggueststyle.com/yellow-wedding-guest-dresses,Womens 2026 Long Elegant Bridesmaid Evening Cocktail Modest Maxi Dress,2026-03-25
https://weddinggueststyle.com/yellow-wedding-guest-dresses,"Womens Elegant Strapless Bodycon Ruched Ruffle High Split Long Formal 
Evening Gown Party Wedding Guest Dresses",2026-03-25
https://weddinggueststyle.com/yellow-wedding-guest-dresses,"Womens Satin Tea Length Mother of The Bride Dress Crew Neck Formal Elegant 
Evening Gown with Pocket",2026-03-25
https://weddinggueststyle.com/yellow-wedding-guest-dresses,"Womens Summer 2026 Casual Midi Maxi Dresses Lightweight Short Sleeve V Neck 
Elastic Waist Boho Beach Dress Pockets",2026-03-25
https://weddinggueststyle.com/yellow-wedding-guest-dresses,"Womens Summer Floral Maxi Dress Mesh Sleeveless Tank Dresses Slit Bodycon 
Party Cocktail Wedding Guest Dress",2026-03-25
https://weddinggueststyle.com/yellow-wedding-guest-dresses,"Womens Summer One Shoulder Sleeveless Dresses Floral Flowy Ruffle High Low 
Wedding Guest Maxi Sundresses",2026-03-25
https://weddinggueststyle.com/yellow-wedding-guest-dresses,"Womens Summer Wedding Guest Dress 2026 Spring Mesh Sleeveless Bodycon 
Ruched Floral Holiday Maxi Long Dresses",2026-03-25
https://weddinggueststyle.com/yellow-wedding-guest-dresses,"Women’s Lace Appliques Satin Prom Dresses Off The Shoulder Long Formal 
Dress Pleated Sequin High Slit Evening Gowns",2026-03-25
https://weddinggueststyle.com/yellow-wedding-guest-dresses,"Women’s Long Bridesmaid Dresses Ruffles Floral Chiffon Scoop Neck A-line 
Wedding Guest Formal Dress with Pockets",2026-03-25
https://weddinggueststyle.com/yellow-wedding-guest-dresses,"Women’s Scoop Neck Ruffles Bridesmaid Dresses Long Chiffon Slit A-line 
Formal Wedding Guest Dress with Pockets",2026-03-25
https://weddinggueststyle.com/long-sleeve-wedding-guest-dresses,"2025 Spring Womens V Neck Long Sleeve Fishtail Sweater Dress Ribbed Knit 
Slim Fit Bodycon Midi Dress",2026-03-25
https://weddinggueststyle.com/long-sleeve-wedding-guest-dresses,"2025 Velvet Wedding Guest Dresses for Women, Winter Formal Cocktail Maxi 
Dress, Cowl Neck Mermaid Evening Gown",2026-03-25
https://weddinggueststyle.com/long-sleeve-wedding-guest-dresses,"Cowl Neck Velvet Bridesmaid Dress for Women 2024 Long Sleeve Pleated 
Mermaid Wedding Guest Dress with Slit",2026-03-25
https://weddinggueststyle.com/long-sleeve-wedding-guest-dresses,"Dresses for Women 2026 Square Neck Long Sleeve Smocked Dress Flowy Tiered 
Ruffle Lace Beach Dress",2026-03-25
https://weddinggueststyle.com/long-sleeve-wedding-guest-dresses,"Elegant Chiffon Long Sleeve Bridesmaid Dresses for Women Long V Neck Formal 
Dresses A-line Pleated Party Gowns",2026-03-25
https://weddinggueststyle.com/long-sleeve-wedding-guest-dresses,"Fall Dresses for Women 2026 Long Sleeve Smocked Square Neck Swiss Dot 
Tiered Flowy Wedding Guest Maxi Dress",2026-03-25
https://weddinggueststyle.com/long-sleeve-wedding-guest-dresses,"Fall Wedding Guest Dresses for Women 2025 Long Sleeve Square Neck Tiered A 
Line Modest Elegant Flowy Dresses",2026-03-25
https://weddinggueststyle.com/long-sleeve-wedding-guest-dresses,"Lace Appliques Mother of The Bride Dress Sequins Crewneck 3/4 Sleeves 
A-Line Elegant Formal Dresses",2026-03-25
https://weddinggueststyle.com/long-sleeve-wedding-guest-dresses,"Long Black Formal Dresses for Women Gowns Evening Party Cocktail 
Dress,Split Elegant V Neck Wrap Ruffle Wedding Guest Dr",2026-03-25
https://weddinggueststyle.com/long-sleeve-wedding-guest-dresses,"Long Sleeve Bridesmaid Dress V Neckes 2025 New Chiffon Wedding Guest 
Dresses Formal Evening Dress for Women,R16",2026-03-25
https://weddinggueststyle.com/long-sleeve-wedding-guest-dresses,"Long Sleeve Chiffon Bridesmaid Dresses for Women A-line Pleated Wedding 
Formal Evening Dress",2026-03-25
https://weddinggueststyle.com/long-sleeve-wedding-guest-dresses,"Long Sleeve Dress for Women Floral Print Ruched Wedding Guest Maxi Dresses 
Tight Fitted Cocktail Party Bodycon Dress",2026-03-25
https://weddinggueststyle.com/long-sleeve-wedding-guest-dresses,"Long Sleeve Fall Dresses for Women Square Neck A Line Flowy Casual Elegant 
Wedding Guest Party Maxi Dress",2026-03-25
https://weddinggueststyle.com/long-sleeve-wedding-guest-dresses,"Long Sleeve Mother of Bride Dresses for Women Sequin Lace A Line Formal 
Evening Dress",2026-03-25
https://weddinggueststyle.com/long-sleeve-wedding-guest-dresses,"Long Sleeve Sequin Prom Dress 2026 Mermaid V Neck Pleats Formal Evening 
Gowns with Slit",2026-03-25
https://weddinggueststyle.com/long-sleeve-wedding-guest-dresses,"Long Sleeve Sequin Prom Dress Mermaid One Shoulder Floor Length Formal 
Evening Party Gown",2026-03-25
https://weddinggueststyle.com/long-sleeve-wedding-guest-dresses,"Long Sleeve Sequin Prom Dresses for Women Satin A-line Formal Dress 2026 
Sparkly Eevning Party Gowns with Pockets",2026-03-25
https://weddinggueststyle.com/long-sleeve-wedding-guest-dresses,"Long Sleeve Wedding Guest Maxi Dresses for Women Sheer Mesh Square Neck 
Ruched Bodycon Long Dress 2026 Spring Outfits",2026-03-25
https://weddinggueststyle.com/long-sleeve-wedding-guest-dresses,"Off The Shoulder Bodycon Floral Dress 2026 Fall Long Sleeve Maxi Wedding 
Guest Cocktail Going Out Club Dresses",2026-03-25
https://weddinggueststyle.com/long-sleeve-wedding-guest-dresses,"Plus Size Dresses for Curvy Women V Neck Fall Maxi Dress Long Sleeve Floral 
Boho Dress Smocked Waist Party Dress",2026-03-25
https://weddinggueststyle.com/long-sleeve-wedding-guest-dresses,"Plus Size Fall Dress - 2025 Wedding Guest Long Sleeve Floral Lace Long 
Dress with Belt",2026-03-25
https://weddinggueststyle.com/long-sleeve-wedding-guest-dresses,"Plus Size Long Sleeve Sequin Evening Dress Glitter Mermaid Long Gown for 
Mother of The Bride Or Wedding Guest",2026-03-25
https://weddinggueststyle.com/long-sleeve-wedding-guest-dresses,"Plus Size Velvet Wrap Dress Ruched Bodycon Dress Long Sleeves Ruffle Long 
Elegant Party Wedding Guest Cocktail Holiday",2026-03-25
https://weddinggueststyle.com/long-sleeve-wedding-guest-dresses,"Simplee Womens Long Sleeve Smocked Maxi Dress Tiered V Neck Flowy Fall 
Wedding Guest Long Dresses with Pockets",2026-03-25
https://weddinggueststyle.com/long-sleeve-wedding-guest-dresses,"Simplee Womens Summer Floral Summer Maxi Dresses Boho Flowy Flutter Short 
Sleeve Crew Neck Vacation Smocked Chiffon Dres",2026-03-25
https://weddinggueststyle.com/long-sleeve-wedding-guest-dresses,"Simplee Women’s V Neck Velvet Maxi Dress Short Sleeve Empire Waist Long 
Formal Dress for Wedding Guest",2026-03-25
https://weddinggueststyle.com/long-sleeve-wedding-guest-dresses,"Sparkly Sequins Prom Dresses 2026 Mermaid Bridesmaid Dress with Slit Tube 
Satin Evening Formal Gown with Train DR0080",2026-03-25
https://weddinggueststyle.com/long-sleeve-wedding-guest-dresses,"Spring Dresses for Women 2026 Casual Long Sleeve V Neck Elastic Waist 
Lightweight Maxi Wedding Guest Dress Pockets",2026-03-25
https://weddinggueststyle.com/long-sleeve-wedding-guest-dresses,"Spring Dresses for Women 2026 Floral Long Sleeve Smocked Square Neck Ruffle 
Tiered Flowy Party Wedding Guest Dress",2026-03-25
https://weddinggueststyle.com/long-sleeve-wedding-guest-dresses,"Spring Dresses for Women 2026 Long Sleeve High Waist Pleated Flowy Aline 
Party Wedding Guest Dress Business Casual",2026-03-25
https://weddinggueststyle.com/long-sleeve-wedding-guest-dresses,"Velvet Formal Dresses for Women Long Sleeve Prom Dresses Floor Length V 
Neck Mermaid Evening Gowns with Train",2026-03-25
https://weddinggueststyle.com/long-sleeve-wedding-guest-dresses,"Wedding Guest Dresses for Women 2026 Spring Summer One Shoulder Long Sleeve 
Slit Mesh Ruched Bodycon Maxi Dress",2026-03-25
https://weddinggueststyle.com/long-sleeve-wedding-guest-dresses,"Wedding Guest Dresses for Women Spring Long Sleeve Ruched Bodycon Floral 
Mesh Cocktail Party Fall Maxi Dress",2026-03-25
https://weddinggueststyle.com/long-sleeve-wedding-guest-dresses,"Women Bodycon Maxi Dress Long Sleeve Back Slit Ruched Elegant Party 
Cocktail Formal Fall Wedding Guest Dresses",2026-03-25
https://weddinggueststyle.com/long-sleeve-wedding-guest-dresses,"Women Long Sleeve Floral Bodycon Maxi Dress 2025 Fall Elegant Mesh Formal 
Wedding Guest Cocktail Dresses",2026-03-25
https://weddinggueststyle.com/long-sleeve-wedding-guest-dresses,"Women One Shoulder High Slit Maxi Dress Ruched Bodycon Cutout Long Sleeve 
Formal Wedding Guest Dresses",2026-03-25
https://weddinggueststyle.com/long-sleeve-wedding-guest-dresses,"Women Shoulder Cutout Maxi Dress Mesh Long Sleeve Ruffle Hem Party Formal 
Wedding Guest Dresses",2026-03-25
https://weddinggueststyle.com/long-sleeve-wedding-guest-dresses,"Women Spring Wedding Guest Maxi Dresses 2026 Floral V Neck Long Sleeve Boho 
Long Dress Vacation",2026-03-25
https://weddinggueststyle.com/long-sleeve-wedding-guest-dresses,"Women's 2026 Long Sleeve Fall Winter Sweater Dress Spring Fashion Button 
Elegant Business Casual Work Mini Dresses",2026-03-25
https://weddinggueststyle.com/long-sleeve-wedding-guest-dresses,"Women's 2026 Spring Wedding Guest Maxi Dress Long Sleeve Bodycon Floral 
Mesh Fall Cocktail Formal Party Dresses",2026-03-25
https://weddinggueststyle.com/long-sleeve-wedding-guest-dresses,"Women's 2026 Wedding Guest Dress Bodycon Long Sleeve Square Neck Ruched 
Mesh Cocktail Party Holiday Midi Dresses",2026-03-25
https://weddinggueststyle.com/long-sleeve-wedding-guest-dresses,"Women's Cocktail Dresses, Formal Wedding Guest Church Vintage Tea Party 3/4 
Sleeve Pleated Dress",2026-03-25
https://weddinggueststyle.com/long-sleeve-wedding-guest-dresses,"Women's Fall Boho Dresses 2026 Floral Long Sleeve V Neck Mini Flowy Wedding 
Guest Dress Trendy Vacation Outfits",2026-03-25
https://weddinggueststyle.com/long-sleeve-wedding-guest-dresses,"Women's Fall Boho Floral Midi Dress 2026 Casual Long Sleeve Crewneck Flowy 
Wedding Guest Long Dresses",2026-03-25
https://weddinggueststyle.com/long-sleeve-wedding-guest-dresses,"Women's Fall Long Sleeve Floral Maxi Dress Lace Eyelet Hollow Out Tiered 
Boho Wedding Guest Dresses Pockets",2026-03-25
https://weddinggueststyle.com/long-sleeve-wedding-guest-dresses,"Women's Fall Off Shoulder Floral Maxi Dresses Formal Long Sleeve Bodycon 
Cocktail Wedding Guest Dress",2026-03-25
https://weddinggueststyle.com/long-sleeve-wedding-guest-dresses,"Women's Fall Wedding Guest Dress Long Sleeve Cocktail Date Night Sexy Y2K 
Bodycon Ruched Mesh Formal Maxi Dresses",2026-03-25
https://weddinggueststyle.com/long-sleeve-wedding-guest-dresses,"Women's Floral Bodycon Maxi Dress 2026 Spring Elegant Mesh Long Sleeve 
Formal Wedding Guest Cocktail Dresses",2026-03-25
https://weddinggueststyle.com/long-sleeve-wedding-guest-dresses,"Women's Floral Boho Long Sleeve Maxi Dress V Neck Empire Waist Swing Flowy 
Wedding Guest Dress",2026-03-25
https://weddinggueststyle.com/long-sleeve-wedding-guest-dresses,"Women's Floral Maxi Dress 2025 Fall V Neck Puff Long Sleeve Flowy Casual 
Wedding Guest Tea Party Tulle Dresses",2026-03-25
https://weddinggueststyle.com/long-sleeve-wedding-guest-dresses,"Women's Lace Maxi Dress Short Sleeve V Neck Party Dress Smocked Waist Boho 
Maxi Dress Bohemian Dress for Women",2026-03-25
https://weddinggueststyle.com/long-sleeve-wedding-guest-dresses,"Women's Long Sleeve Bodycon Dresses 2026 Spring Sexy Floral Mesh Slit 
Ruched Tight Maxi Wedding Guest Dress",2026-03-25
https://weddinggueststyle.com/long-sleeve-wedding-guest-dresses,"Women's Long Sleeve Floral Bodycon Dress 2026 Spring Fall Ruched Mesh 
Wedding Guest Cocktail Party Maxi Dresses",2026-03-25
https://weddinggueststyle.com/long-sleeve-wedding-guest-dresses,"Women's Long Sleeve Maxi Dress Built-in Shapewear Bra Square Neck Fall 
Formal Wedding Guest Cocktail Bodycon Dresses",2026-03-25
https://weddinggueststyle.com/long-sleeve-wedding-guest-dresses,"Women's Long Sleeve Maxi Dress Ruched Bodycon Formal Cocktail Dress for 
Wedding Guest Evening Dresses for Women",2026-03-25
https://weddinggueststyle.com/long-sleeve-wedding-guest-dresses,"Women's Long Sleeve Sweater Dress 2026 Fall V Neck Ribbed Knit Casual 
Formal Cocktail Bodycon Maxi Dresses",2026-03-25
https://weddinggueststyle.com/long-sleeve-wedding-guest-dresses,"Women's Maxi Dress 2026 Spring Long Sleeve Crewneck Floral Print Mesh 
Ruched Party Wedding Guest Dresses",2026-03-25
https://weddinggueststyle.com/long-sleeve-wedding-guest-dresses,"Women's Maxi Dress Long Sleeve Crewneck Loose Plain Casual Empire Waist 
Fall Party Long Dresses with Pockets",2026-03-25
https://weddinggueststyle.com/long-sleeve-wedding-guest-dresses,"Women's Mesh Long Sleeve Square Neck Dress High Waist A Line Ruffle Hem 
Flowy Casual Party Mini Dress",2026-03-25
https://weddinggueststyle.com/long-sleeve-wedding-guest-dresses,"Women's Plus Size Dress Long Sleeve Smocked Square Neck Ruffle Pleated 
Flowy Wedding Guest Maxi Fall Dress",2026-03-25
https://weddinggueststyle.com/long-sleeve-wedding-guest-dresses,"Women's Plus Size Fall Wedding Guest Dress Wrap V Neck Swiss Dot Lantern 
Long Sleeve Swing Boho Casual Dresses",2026-03-25
https://weddinggueststyle.com/long-sleeve-wedding-guest-dresses,"Women's Plus Size Maxi Dresses Long Sleeves V Neck Floral Print Bohemian 
Swing Long Dress with Belt",2026-03-25
https://weddinggueststyle.com/long-sleeve-wedding-guest-dresses,"Women's Plus Size Milkmaid Dress Long Sleeve Square Neck Dress A-Line Flowy 
Maxi Wedding Guest Cocktail Formal Dresses",2026-03-25
https://weddinggueststyle.com/long-sleeve-wedding-guest-dresses,"Women's Plus Size Wedding Guest Maxi Dress Wrap V Neck Long Sleeve High Low 
Ruffle Cocktail Fall Dresses",2026-03-25
https://weddinggueststyle.com/long-sleeve-wedding-guest-dresses,"Women's Sexy Crew Neck Lounge Long Dress Elegant Long Sleeve Ribbed Bodycon 
Maxi Dresses",2026-03-25
https://weddinggueststyle.com/long-sleeve-wedding-guest-dresses,"Women's Spring Dresses 2026 Long Sleeve Flowy Casual Floral Maxi Dress Crew 
Neck Smocked Tiered Long Dress",2026-03-25
https://weddinggueststyle.com/long-sleeve-wedding-guest-dresses,"Women's Spring Floral Wedding Guest Bodycon Dresses 2026 Long Sleeve 
Crewneck Mesh Ruffle Mermaid Party Maxi Dress",2026-03-25
https://weddinggueststyle.com/long-sleeve-wedding-guest-dresses,"Women's Spring Wedding Guest Dress 2026 Long Sleeve Bodycon Floral Mesh 
Fall Cocktail Holiday Party Maxi Dresses",2026-03-25
https://weddinggueststyle.com/long-sleeve-wedding-guest-dresses,"Women's Spring Wedding Guest Dress 2026 Long Sleeve Ruched Bodycon Floral 
Ruffle Cocktail Party Maxi Dresses",2026-03-25
https://weddinggueststyle.com/long-sleeve-wedding-guest-dresses,"Women's Square Neck Long Sleeve Maxi Dress Ribbed Bodycon Dresses for Women 
Soft Lounge Dress",2026-03-25
https://weddinggueststyle.com/long-sleeve-wedding-guest-dresses,"Women's Tie Dye Long Sleeve Maxi Dress Mesh Bodycon Ruched Night Out Formal 
Cocktail Long Dress for Wedding Guest Party",2026-03-25
https://weddinggueststyle.com/long-sleeve-wedding-guest-dresses,Women's Turtleneck Ribbed Elbow Long Sleeve Knit Sweater Dress,2026-03-25
https://weddinggueststyle.com/long-sleeve-wedding-guest-dresses,"Women's V Neck Long Sleeve Boho Maxi Dress 2023 Fall Wedding Guest Long 
Flowy Engagement Dresses",2026-03-25
https://weddinggueststyle.com/long-sleeve-wedding-guest-dresses,"Women's V Neck Long Sleeves Prom Dresses with Pockets Satin Ball Gowns 
LZ-011",2026-03-25
https://weddinggueststyle.com/long-sleeve-wedding-guest-dresses,"Women's Velvet Dress Long Sleeve Wrap V-Neck Elegant Cocktail Party Fall 
Midi Dress for Wedding Guest",2026-03-25
https://weddinggueststyle.com/long-sleeve-wedding-guest-dresses,"Women's Wedding Guest Dresses V Neck A Line High Low Plus Size Long Sleeve 
Semi Formal Dress for Curvy Women",2026-03-25
https://weddinggueststyle.com/long-sleeve-wedding-guest-dresses,"Womens 2026 Spring Turtleneck Long Sleeve Sweater Dress Tie Waist Casual 
Loose Ribbed Knit A Line Midi Dresses",2026-03-25
https://weddinggueststyle.com/long-sleeve-wedding-guest-dresses,"Womens Basic Sexy Square Neck Long Sleeve Soft Lounge Long Dress Fall 
Casual Ribbed Bodycon Maxi Dresses",2026-03-25
https://weddinggueststyle.com/long-sleeve-wedding-guest-dresses,"Womens Basic Sexy Square Neck Long Sleeve Soft Lounge Long Dress Fall 
Casual Ribbed Bodycon Maxi Dresses",2026-03-25
https://weddinggueststyle.com/long-sleeve-wedding-guest-dresses,"Womens Boho Floral Long Sleeve Maxi Dress V Neck Empire Waist Fall Wedding 
Guest Dresses with Pockets",2026-03-25
https://weddinggueststyle.com/long-sleeve-wedding-guest-dresses,"Womens Floral Boho Maxi Dress 2026 Spring Summer Casual Long Sleeve V Neck 
A Line Flowy Wedding Guest Dresses",2026-03-25
https://weddinggueststyle.com/long-sleeve-wedding-guest-dresses,"Womens Floral Long Sleeve Mini Dress Boho Square Neck Smocked A-Line Flowy 
Short Wedding Guest Dresses",2026-03-25
https://weddinggueststyle.com/long-sleeve-wedding-guest-dresses,"Womens Floral Maxi Dress Sheer Mesh Bell Sleeve Tiered Ruffle Gothic 
Romantic Casual Long Dresses",2026-03-25
https://weddinggueststyle.com/long-sleeve-wedding-guest-dresses,"Womens Floral Mini Dress Long Sleeve Casual V Neck Chiffon Modest Boho 
Flowy Fall Wedding Guest Dresses",2026-03-25
https://weddinggueststyle.com/long-sleeve-wedding-guest-dresses,"Womens Long Sleeve Maxi Dresses 2026 Spring Ruched Bodycon Floral Mesh 
Formal Wedding Guest Cocktail Party Dress",2026-03-25
https://weddinggueststyle.com/long-sleeve-wedding-guest-dresses,"Womens Long Sleeve Mini Dress Casual A Line Flowy Loose Vacation Party 
Babydoll Fall Short Dresses with Pocket",2026-03-25
https://weddinggueststyle.com/long-sleeve-wedding-guest-dresses,"Womens Off The Shoulder Floral Maxi Bodycon Dress Fall Long Sleeve Mesh 
Fitted Long Formal Wedding Guest Dresses",2026-03-25
https://weddinggueststyle.com/long-sleeve-wedding-guest-dresses,"Womens Plus Size Formal Dress Fall Long Sleeve Square Neck Flowy A Line 
Tiered Side Split Wedding Guest Maxi Dress",2026-03-25
https://weddinggueststyle.com/long-sleeve-wedding-guest-dresses,"Womens Plus Size Maxi Dress Long Sleeve Square Neck Smocked Wedding Guest 
Flowy Split Fall Dresses with Pockets",2026-03-25
https://weddinggueststyle.com/long-sleeve-wedding-guest-dresses,"Womens Spring Dresses 2026 Casual Long Sleeve Smocked Boho Floral Tiered 
Midi Wedding Guest Dress with Pockets",2026-03-25
https://weddinggueststyle.com/long-sleeve-wedding-guest-dresses,"Womens Spring Floral Mini Dress Long Sleeve Boho Chiffon Short Dress Casual 
Flowy Fall Wedding Guest Dresses",2026-03-25
https://weddinggueststyle.com/long-sleeve-wedding-guest-dresses,"Womens Velvet Long Sleeve V Neck Fall Dress Tiered Flowy Mini Cocktail 
Dress Winter Casual Short Dresses 2025",2026-03-25
https://weddinggueststyle.com/long-sleeve-wedding-guest-dresses,"Women’s Elegant Floral Bodycon Maxi Dress Formal Long Sleeve Mock Neck 
Wedding Guest Party Cocktail Dress",2026-03-25
https://weddinggueststyle.com/long-sleeve-wedding-guest-dresses,"Women’s Plus Size V Neck Velvet Dress Long Sleeve Wrap Empire Waist Midi 
Dress for Wedding Guest",2026-03-25
https://weddinggueststyle.com/indian-wedding-guest-dresses,Indian Style lehenga choli for women Wedding Party Wear Dress fully stitched,2026-03-24
https://weddinggueststyle.com/indian-wedding-guest-dresses,"KUTUMAI Off The Shoulder Maxi Long Dress Corset Ruched Bodycon Cocktail 
Forma...",2026-03-24
https://weddinggueststyle.com/indian-wedding-guest-dresses,"MEROKEETY Women's 2026 V Neck Short Sleeve Floral Lace Wedding Dress A Line 
B...",2026-03-24
https://weddinggueststyle.com/indian-wedding-guest-dresses,Miusol Women's Elegant Floral Lace 3/4 Sleeve Bridesmaid Formal Maxi Dress,2026-03-24
https://weddinggueststyle.com/indian-wedding-guest-dresses,"Miusol Women's Elegant Sequin Lace Contrast Chiffon Split Style Evening 
Party...",2026-03-24
https://weddinggueststyle.com/indian-wedding-guest-dresses,Nivah Fashion Women's Georgette Embroidery Anarkali Suit Set Stitched,2026-03-24
https://weddinggueststyle.com/indian-wedding-guest-dresses,"STELLACOUTURE women's indian traditional full length heavy embroidered 
ethnic...",2026-03-24
https://weddinggueststyle.com/indian-wedding-guest-dresses,"Shopping Queen Women's Georgette Chikankari Embroidery Kurta set with 
Dupatta",2026-03-24
https://weddinggueststyle.com/indian-wedding-guest-dresses,Shopping Queen Women's Georgette Embroidered Kurta and Sharara & Dupatta Set,2026-03-24
https://weddinggueststyle.com/indian-wedding-guest-dresses,Shopping Queen Women's Georgette Embroidery Straight Kurta and Sharara Set,2026-03-24
https://weddinggueststyle.com/indian-wedding-guest-dresses,"TRENDMALLS Women's Net Embroidery Sharara Suit Set Indian Pakistani Wedding 
E...",2026-03-24
https://weddinggueststyle.com/indian-wedding-guest-dresses,"TRENDMALLS Women's Vichitra Silk Anarkali Suit Set with Jacquard Dupatta 
for ...",2026-03-24