Top pages,Clicks,Impressions,CTR,Position
https://www.weddinggueststyle.com/formal-wedding-guest-dresses,2,496,0.4%,74.19
https://www.weddinggueststyle.com/pink-wedding-guest-dresses,2,212,0.94%,65.21
https://weddinggueststyle.com/indian-wedding-guest-dresses,1,255,0.39%,45.11
https://www.weddinggueststyle.com/black-wedding-guest-dresses,0,511,0%,74.98
https://weddinggueststyle.com/casual-wedding-guest-dresses,0,507,0%,69.07
https://www.weddinggueststyle.com/cocktail-wedding-guest-dresses,0,376,0%,78.11
https://www.weddinggueststyle.com/casual-wedding-guest-dresses,0,326,0%,69.61
https://www.weddinggueststyle.com/summer-wedding-guest-dresses,0,289,0%,76.87
https://weddinggueststyle.com/pink-wedding-guest-dresses,0,199,0%,58.88
https://weddinggueststyle.com/semi-formal-wedding-guest-dresses,0,133,0%,72.29
https://weddinggueststyle.com/long-sleeve-wedding-guest-dresses,0,128,0%,8.13
https://weddinggueststyle.com/yellow-wedding-guest-dresses,0,101,0%,30.08
https://weddinggueststyle.com/best-wedding-guest-dresses,0,71,0%,34.55
https://www.weddinggueststyle.com/semi-formal-wedding-guest-dresses,0,66,0%,72.2
https://weddinggueststyle.com/black-tie-wedding-guest-dresses,0,50,0%,33.48
https://weddinggueststyle.com/brown-wedding-guest-dresses,0,45,0%,55.22
https://weddinggueststyle.com/,0,20,0%,4.15
https://www.weddinggueststyle.com/fall-wedding-guest-dresses,0,14,0%,42.29
https://weddinggueststyle.com/cocktail-wedding-guest-dresses,0,13,0%,76.92
https://www.weddinggueststyle.com/winter-wedding-guest-dresses,0,12,0%,57.5
https://www.weddinggueststyle.com/black-tie-wedding-guest-dresses,0,10,0%,82.5
https://www.weddinggueststyle.com/garden-party-wedding-guest-dresses,0,6,0%,44.33
https://weddinggueststyle.com/light-blue-wedding-guest-dresses,0,4,0%,16.75
https://www.weddinggueststyle.com/brown-wedding-guest-dresses,0,2,0%,6.5