"Opportunity Type","Category","Domain","Full URL","Found From Competitors","Competitor Count","Keywords","Anchor Text","Authority","Niche Relevant"
"Blog comment","Article - Niche Specific","astricknation.com","https://astricknation.com/elegant-black-tie-wedding-guest-dresses/","showmeyourmumu.com; vogue.com","2","black tie wedding guest dress; black tie wedding guest dresses","","","Yes"
"Blog comment","Article - Niche Specific","astricknation.com","https://astricknation.com/elegant-plus-size-wedding-guest-dresses-shop/","adriannapapell.com; kiyonna.com","2","plus size wedding guest dresses","","","Yes"
"Blog comment","Article - Niche Specific","astricknation.com","https://astricknation.com/elegant-black-tie-wedding-guest-dress-ideas/","vogue.com","1","black tie wedding guest dress; black tie wedding guest dresses","","","Yes"
"Blog comment","Article - Niche Specific","astricknation.com","https://astricknation.com/chic-summer-wedding-guest-dress-ideas-2023/","theknot.com","1","summer wedding guest dress","","","Yes"
"Blog comment","Article - Niche Specific","astricknation.com","https://astricknation.com/summer-wedding-guest-dress-chic-elegant-styles/","vogue.com","1","summer wedding guest dress","","","Yes"
"Blog comment","Article - Niche Specific","astricknation.com","https://astricknation.com/elegant-winter-wedding-guest-dresses-for-you/","adriannapapell.com","1","winter wedding guest dresses","","","Yes"
"Blog comment","Article - Niche Specific","billboardlifestyle.com","https://billboardlifestyle.com/youve-saved-the-date-now-shop-these-wedding-guest-dresses/","vogue.com","1","black tie wedding guest dress; black tie wedding guest dresses; summer wedding guest dress","","","Yes"
"Other","Article - Niche Specific","billboardlifestyle.com","https://billboardlifestyle.com/wear-and-rewear-30-gorgeous-wedding-guest-dresses-on-sale-right-now/","vogue.com","1","black tie wedding guest dress; black tie wedding guest dresses; summer wedding guest dress","","","Yes"
"Blog comment","Article - Niche Specific","billboardlifestyle.com","https://billboardlifestyle.com/the-best-engagement-rings-for-every-bride-to-be/","vogue.com","1","black tie wedding guest dress; black tie wedding guest dresses","","","Yes"
"Blog comment","Article - Niche Specific","billboardlifestyle.com","https://billboardlifestyle.com/heres-what-15-vogue-editors-are-wearing-to-their-summer-weddings/","vogue.com","1","black tie wedding guest dress; black tie wedding guest dresses; summer wedding guest dress","","","Yes"
"Blog comment","Article - Niche Specific","billboardlifestyle.com","https://billboardlifestyle.com/headed-to-a-black-tie-affair-these-gala-dresses-were-made-to-be-seen/","vogue.com","1","black tie wedding guest dress; black tie wedding guest dresses","","","Yes"
"Other","Article - Niche Specific","billboardlifestyle.com","https://billboardlifestyle.com/35-simple-yet-striking-wedding-dresses-for-minimalist-brides/","vogue.com","1","black tie wedding guest dress; black tie wedding guest dresses","","","Yes"
"Blog comment","Article - Niche Specific","billboardlifestyle.com","https://billboardlifestyle.com/28-black-tie-wedding-guest-dresses-that-are-perfectly-formal/","vogue.com","1","black tie wedding guest dress; black tie wedding guest dresses","","","Yes"
"Blog comment","Article - Niche Specific","billboardlifestyle.com","https://billboardlifestyle.com/30-summer-wedding-guest-dresses-to-ensure-youre-the-chicest-attendee/","vogue.com","1","summer wedding guest dress","","","Yes"
"Other","Article - Niche Specific","cnbcnews24.com","https://cnbcnews24.com/instant-yes-30-gorgeous-wedding-guest-dresses-on-sale-right-now/","vogue.com","1","summer wedding guest dress","","","Yes"
"Other","Article - Niche Specific","cnbcnews24.com","https://cnbcnews24.com/95-prime-day-clothing-deals-curated-by-vogues-fashion-editors/","vogue.com","1","summer wedding guest dress","","","Yes"
"Other","Article - Niche Specific","cnbcnews24.com","https://cnbcnews24.com/50-prime-day-clothing-and-accessories-deals-curated-by-vogues-fashion-editors/","vogue.com","1","summer wedding guest dress","","","Yes"
"Blog comment","Article - Niche Specific","cnbcnews24.com","https://cnbcnews24.com/40-best-wedding-guest-dresses-in-2025-for-every-type-of-ceremony/","vogue.com","1","summer wedding guest dress","","","Yes"
"Blog comment","Article - Niche Specific","cnbcnews24.com","https://cnbcnews24.com/this-trending-wedding-guest-shoe-is-a-clear-nod-to-the-90s/","vogue.com","1","dresses to wear to a spring wedding as a guest","","","Yes"
"Blog comment","Article - Niche Specific","cnbcnews24.com","https://cnbcnews24.com/5-spring-wedding-guest-outfits-for-every-dress-code/","vogue.com","1","dresses to wear to a spring wedding as a guest","","","Yes"
"Blog comment","Article - Niche Specific","cnbcnews24.com","https://cnbcnews24.com/32-gorgeous-garden-wedding-guest-dresses-to-wear-this-spring/","vogue.com","1","dresses to wear to a spring wedding as a guest","","","Yes"
"Blog comment","Article - Niche Specific","emmalinebride.com","https://emmalinebride.com/wedding-ideas/what-to-wear-stylish-guest-dress/","us.princesspolly.com","1","wedding guest dresses summer; winter wedding guest dresses","","","Yes"
"Blog comment","Article - Niche Specific","boho-weddings.com","https://www.boho-weddings.com/194128/advice-from-the-married-side-real-brides-advice-from-their-wedding-day-12/","ever-pretty.com","1","guest dresses to wear to a wedding","","","Yes"
"Blog comment","Article - Niche Specific","fashionisers.com","https://fashionisers.com/2025/04/29/the-ultimate-guide-to-summer-wedding-guest-dresses/","ever-pretty.com","1","plus size wedding guest dresses","","","Yes"
"Blog comment","Article - Niche Specific","fashionglee.com","https://www.fashionglee.com/formal-wedding-guest-dresses/","ever-pretty.com","1","plus size wedding guest dresses","","","Yes"
"Other","Article - Niche Specific","fashiongonerogue.com","https://www.fashiongonerogue.com/types-of-dress-codes/","thereformation.com","1","black tie wedding guest dresses","","","Yes"
"Blog comment","Article - Niche Specific","fashiongonerogue.com","https://www.fashiongonerogue.com/casual-wedding-attire/","showmeyourmumu.com","1","elegant dresses for wedding guests","","","Yes"
"Blog comment","Article - Niche Specific","fashion-mommy.com","https://www.fashion-mommy.com/top-formal-and-wedding-guest-dresses-for-every-event/","ever-pretty.com","1","guest dresses to wear to a wedding","","","Yes"
"Blog comment","Article - Niche Specific","catwalkyourself.com","https://www.catwalkyourself.com/lifestyle/plus-size-wedding-guest-dresses-find-your-flattering-stylish-outfit/","ever-pretty.com","1","plus size wedding guest dresses","","","Yes"
"Other","Article - Niche Specific","kiyonna.blog","https://kiyonna.blog/unveiling-the-summer-2023-wedding-guest-lookbook/","kiyonna.com","1","plus size wedding guest dresses","","","Yes"
"Other","Article - Niche Specific","kiyonna.blog","https://kiyonna.blog/rsvp-in-style-15/","kiyonna.com","1","plus size wedding guest dresses","","","Yes"
"Blog comment","Article - Niche Specific","kiyonna.blog","https://kiyonna.blog/plus-size-gold-dresses/","kiyonna.com","1","plus size wedding guest dresses","","","Yes"
"Other","Article - Niche Specific","kiyonna.blog","https://kiyonna.blog/picture-perfect-wedding-guest-dresses/","kiyonna.com","1","plus size wedding guest dresses","","","Yes"
"Other","Article - Niche Specific","kiyonna.blog","https://kiyonna.blog/march-edit-we-know-how-to-garden-party/","kiyonna.com","1","plus size wedding guest dresses","","","Yes"
"Blog comment","Article - Niche Specific","kiyonna.blog","https://kiyonna.blog/dresses-for-summer-weddings-youll-wear-again/","kiyonna.com","1","plus size wedding guest dresses","","","Yes"
"Other","Article - Blog","kiyonna.blog","https://kiyonna.blog/perfect-pin-ups-15/","kiyonna.com","1","plus size wedding guest dresses","","","No"
"Blog comment","Article - Niche Specific","pinktownusa.com","https://www.pinktownusa.com/blog/post/fall-wedding-guest-dresses-and-plus-size-options-to-flaunt-this-season","ever-pretty.com","1","plus size wedding guest dresses","","","Yes"
"Blog comment","Article - Niche Specific","nuptiostore.com","https://nuptiostore.com/blogs/news/the-best-wedding-guest-dresses-of-2022","thereformation.com","1","dress for wedding guest; dresses for guest fall wedding; dresses for wedding guest; dresses to wear to a summer wedding as a guest; formal wedding guest dresses; spring wedding guest dress; summer wedding guest dresses; wedding guest dresses; wedding guest dresses fall; wedding guest dresses spring","","","Yes"
"Blog comment","Article - Niche Specific","allblogthings.com","https://www.allblogthings.com/2025/08/do-you-have-to-wear-black-to-a-black-tie-wedding.html","macduggal.com","1","dress for wedding guest; dresses for wedding guest; elegant dresses for wedding guests; formal wedding guest dresses; wedding guest dress; wedding guest dresses","","","Yes"
"Other","Article - Niche Specific","celebzero.com","https://celebzero.com/pt/fall-wedding-guest-dresses/","lulus.com","1","wedding guest dresses fall","","","Yes"
"Other","Article - Niche Specific","celebzero.com","https://celebzero.com/pl/fall-wedding-guest-dresses/","lulus.com","1","wedding guest dresses fall","","","Yes"
"Other","Article - Niche Specific","celebzero.com","https://celebzero.com/nl/fall-wedding-guest-dresses/","lulus.com","1","wedding guest dresses fall","","","Yes"
"Other","Article - Niche Specific","celebzero.com","https://celebzero.com/it/fall-wedding-guest-dresses/","lulus.com","1","wedding guest dresses fall","","","Yes"
"Other","Article - Niche Specific","celebzero.com","https://celebzero.com/fr/fall-wedding-guest-dresses/","lulus.com","1","wedding guest dresses fall","","","Yes"
"Blog comment","Article - Niche Specific","celebzero.com","https://celebzero.com/fall-wedding-guest-dresses/","lulus.com","1","wedding guest dresses fall","","","Yes"
"Other","Article - Niche Specific","celebzero.com","https://celebzero.com/es/fall-wedding-guest-dresses/","lulus.com","1","wedding guest dresses fall","","","Yes"
"Other","Article - Niche Specific","celebzero.com","https://celebzero.com/de/fall-wedding-guest-dresses/","lulus.com","1","wedding guest dresses fall","","","Yes"
"Blog comment","Article - Niche Specific","flairenext.com","https://flairenext.com/fall-wedding-guest-dresses/","lulus.com","1","wedding guest dresses fall","","","Yes"
"Blog comment","Article - Niche Specific","trendingus.com","https://www.trendingus.com/best-fall-wedding-guest-dress-trends/","azazie.com","1","dresses for guest fall wedding; fall wedding guest dresses; wedding guest dresses fall","","","Yes"
"Blog comment","Article - Niche Specific","thestyleinspiration.net","https://thestyleinspiration.net/summer-wedding-guest-dresses/","lulus.com","1","summer wedding guest dress; wedding guest dresses summer","","","Yes"
"Blog comment","Article - Niche Specific","kilkusphoto.com","https://kilkusphoto.com/26-summer-wedding-guest-dresses-to-ensure-youre-the-chicest-attendee/","vogue.com","1","summer wedding guest dress","","","Yes"
"Blog comment","Article - Niche Specific","warmspacegloves.com","https://warmspacegloves.com/blue-flowy-midi-dress-for-fall-wedding-guest/","us.princesspolly.com","1","fall wedding guest dresses","","","Yes"
"Blog comment","Article - Niche Specific","fobwp.com","https://www.fobwp.com/womens-plus-size-wedding-guest-dresses/","us.boohoo.com","1","plus size wedding guest dresses","","","Yes"
"Blog comment","Article - Niche Specific","sammydvintage.com","https://sammydvintage.com/weddings/seasons/","showmeyourmumu.com","1","elegant dresses for wedding guests","","","Yes"
"Blog comment","Article - Niche Specific","sheenmagazine.com","https://www.sheenmagazine.com/8-helpers-for-planning-a-wedding-with-a-cozy-thanksgiving-feel/","macduggal.com","1","dress for wedding guest; dresses for wedding guest; elegant dresses for wedding guests; formal wedding guest dresses; wedding guest dress; wedding guest dresses","","","Yes"
"Blog comment","Article - Niche Specific","sheenmagazine.com","https://www.sheenmagazine.com/17-inventive-spring-wedding-gifts-for-your-favorite-sibling/","macduggal.com","1","dress for wedding guest; dresses for wedding guest; elegant dresses for wedding guests; formal wedding guest dresses; wedding guest dress; wedding guest dresses","","","Yes"
"Other","Other/Uncategorized","sheenmagazine.com","https://www.sheenmagazine.com/11-creative-bachelorette-ask-gift-ideas-your-whole-crew-will-love/","macduggal.com","1","dress for wedding guest; dresses for wedding guest; elegant dresses for wedding guests; formal wedding guest dresses; wedding guest dress; wedding guest dresses","","","No"
"Blog comment","Article - Niche Specific","ahouseinthehills.com","https://ahouseinthehills.com/what-colors-to-wear-to-a-wedding-as-a-guest/","azazie.com","1","dress for wedding guest; dresses for wedding guest; elegant dresses for wedding guests; formal wedding guest dresses; guest dresses to wear to a wedding; wedding guest dress; wedding guest dresses; wedding guest dresses summer; winter wedding guest dresses","","","Yes"
"Blog comment","Article - Niche Specific","momswhosave.com","https://momswhosave.com/what-to-wear-to-a-wedding-guest-style-guide/","theknot.com","1","formal wedding guest dresses","","","Yes"
"Blog comment","Article - Niche Specific","themamaison.com","https://themamaison.com/spring-wedding-guest-outfits-4-unexpected-ideas-for-2025/","lulus.com","1","dresses to wear to a spring wedding as a guest; elegant dresses for wedding guests; formal wedding guest dresses; summer wedding guest dresses; wedding guest dresses spring","","","Yes"
"Blog comment","Article - Niche Specific","sunnysweatdays.com","https://sunnysweatdays.com/wedding-style-tips/","us.princesspolly.com","1","wedding guest dresses summer; winter wedding guest dresses","","","Yes"
"Blog comment","Article - Niche Specific","therebelchick.com","https://therebelchick.com/how-to-pull-together-a-cute-look-in-minutes/","us.princesspolly.com","1","wedding guest dresses summer; winter wedding guest dresses","","","Yes"
"Blog comment","Article - Niche Specific","gemmalouise.co.uk","https://gemmalouise.co.uk/2025/12/best-wedding-guest-dress-styles-for-every-theme.html","us.princesspolly.com","1","wedding guest dresses summer; winter wedding guest dresses","","","Yes"
"Blog comment","Article - Niche Specific","ferbena.com","https://www.ferbena.com/pick-pretty-wedding-guest-dress-still-budget.html","ever-pretty.com","1","guest dresses to wear to a wedding","","","Yes"
"Blog comment","Article - Niche Specific","southfloridareporter.com","https://southfloridareporter.com/how-to-choose-the-perfect-outfit-for-an-evening-wedding/","azazie.com","1","dress for wedding guest; dresses for wedding guest; elegant dresses for wedding guests; formal wedding guest dresses; guest dresses to wear to a wedding; wedding guest dress; wedding guest dresses; wedding guest dresses summer; winter wedding guest dresses","","","Yes"
"Blog comment","Article - Niche Specific","starbucks-menus.com","https://starbucks-menus.com/color-etiquette-for-wedding-guests-can-you-wear-black-red-white-or-pastels/","azazie.com","1","dress for wedding guest; dresses for wedding guest; elegant dresses for wedding guests; formal wedding guest dresses; guest dresses to wear to a wedding; wedding guest dress; wedding guest dresses; wedding guest dresses summer; winter wedding guest dresses","","","Yes"
"Blog comment","Article - Niche Specific","newyorkmetropolitan.com","https://www.newyorkmetropolitan.com/entertainment/what-to-wear-to-a-winter-wedding-plus-every-confusing-dress-code-explained","cosmopolitan.com","1","winter wedding guest dresses","","","Yes"
"Blog comment","Article - Niche Specific","thedailytribute.com","https://thedailytribute.com/wedding-attire-for-your-most-formal-self/","thereformation.com","1","black tie wedding guest dresses","","","Yes"
"Blog comment","Article - Niche Specific","sisidunia.com","https://www.sisidunia.com/25/are-you-ready-to-be-the-best-wedding-guest-find-out-how/","showmeyourmumu.com","1","black tie wedding guest dress; black tie wedding guest dresses","","","Yes"
"Blog comment","Article - Niche Specific","mypict.org","https://mypict.org/party-earrings-for-2020-five-types-of-earring-to-complement-any-party-look/","ever-pretty.com","1","guest dresses to wear to a wedding","","","Yes"
"Blog comment","Article - Niche Specific","vanityfairfashion.com","https://vanityfairfashion.com/these-fall-wedding-guest-dresses-will-make-you-a-little-less-sad-about-summer-ending/","vogue.com","1","summer wedding guest dress","","","Yes"
"Other","Article - Niche Specific","vanityfairfashion.com","https://vanityfairfashion.com/prime-day-2025-is-in-full-swing-shop-amazons-best-fashion-deals-right-here/","vogue.com","1","summer wedding guest dress","","","Yes"
"Blog comment","Article - Niche Specific","vanityfairfashion.com","https://vanityfairfashion.com/heres-what-15-vogue-editors-are-wearing-to-their-summer-weddings/","vogue.com","1","summer wedding guest dress","","","Yes"
"Blog comment","Article - Niche Specific","hub.stylethatmatters.com","https://hub.stylethatmatters.com/shopping-guide-on-fall-wedding-dresses-for-guests/","ever-pretty.com","1","guest dresses to wear to a wedding","","","Yes"
"Blog comment","Article - Niche Specific","akhbarday.com","https://www.akhbarday.com/15-fall-wedding-guest-dresses-under-100/","astrthelabel.com","1","dresses to wear to a spring wedding as a guest; floral wedding guest dresses; summer wedding guest dress","","","Yes"
"Blog comment","Article - Niche Specific","globalnewsnow24.com","https://globalnewsnow24.com/2025/09/15/15-fall-wedding-guest-dresses-under-100/","astrthelabel.com","1","dresses to wear to a spring wedding as a guest; floral wedding guest dresses; summer wedding guest dress","","","Yes"
"Blog comment","Article - Niche Specific","payonwhatsapp.com","https://www.payonwhatsapp.com/21-wedding-guest-outfit-ideas-for-every-dress-code-cnn-underscored/","abercrombie.com","1","wedding guest dresses spring","","","Yes"
"Other","Other/Uncategorized","payonwhatsapp.com","https://www.payonwhatsapp.com/privacy-policy/page/20953/","abercrombie.com","1","wedding guest dresses spring","","","No"
"Blog comment","Article - Niche Specific","cifshanghai.com","https://cifshanghai.com/top-tropical-formal-attire-compare/","showmeyourmumu.com","1","beach wedding guest dresses","","","Yes"
"Blog comment","Article - Niche Specific","ivanasdairy.com","http://www.ivanasdairy.com/2021/08/online-shops-ever-pretty-wedding-dresses.html","ever-pretty.com","1","guest dresses to wear to a wedding","","","Yes"
"Other","Article - Blog","ivanasdairy.com","http://www.ivanasdairy.com/2021/08/","ever-pretty.com","1","guest dresses to wear to a wedding","","","No"
"Blog comment","Article - Niche Specific","fashionfiestas.fashion.blog","https://fashionfiestas.fashion.blog/2023/02/14/what-to-wear-to-a-wedding-for-women-the-ultimate-a-z-guide/","nordstrom.com","1","dresses for guest fall wedding; dresses to wear to a summer wedding as a guest; guest dresses to wear to a wedding; spring wedding guest dress; wedding guest dress; wedding guest dresses fall; wedding guest dresses summer; winter wedding guest dresses","","","Yes"
