"Keyword","Competitor URL","Source URL","Target URL","Anchor","Type","Authority"
"black tie wedding guest dresses","https://www.azazie.com/all/atelier-guest-of-wedding-dresses/with/shop-by-occasion/black-tie","https://cl.search.yahoo.com/mobile/s?age=1m&ei=UTF-8&q=Joe%2BTong","https://www.azazie.com/all/atelier-guest-of-wedding-dresses/with/shop-by-occasion/black-tie","","",""
"black tie wedding guest dresses","https://www.azazie.com/all/atelier-guest-of-wedding-dresses/with/shop-by-occasion/black-tie","https://ar.search.yahoo.com/mobile/s?b=29&ei=UTF-8&p=Savages&pz=7&xargs=0","https://www.azazie.com/all/atelier-guest-of-wedding-dresses/with/shop-by-occasion/black-tie","","",""
"black tie wedding guest dresses","https://www.azazie.com/all/atelier-guest-of-wedding-dresses/with/shop-by-occasion/black-tie","https://mx.search.yahoo.com/mobile/s?age=1w&ei=UTF-8&q=Patti%2BD%27Arbanville","https://www.azazie.com/all/atelier-guest-of-wedding-dresses/with/shop-by-occasion/black-tie","","",""
"black tie wedding guest dresses","https://www.azazie.com/all/atelier-guest-of-wedding-dresses/with/shop-by-occasion/black-tie","http://www.daneasutton.com/black-tie.html","https://www.azazie.com/all/atelier-guest-of-wedding-dresses/with/shop-by-occasion/black-tie","","",""
"black tie wedding guest dresses","https://www.thereformation.com/bridal/black-tie","https://nymag.com/strategist/article/25-best-wedding-guest-dresses-2024.html","https://www.thereformation.com/bridal/black-tie","","",""
"black tie wedding guest dresses","https://www.thereformation.com/bridal/black-tie","https://www.fashiongonerogue.com/types-of-dress-codes/","https://www.thereformation.com/bridal/black-tie","","",""
"black tie wedding guest dresses","https://www.thereformation.com/bridal/black-tie","https://www.rockymountainbride.com/blog/from-budget-to-luxury-the-best-stores-for-black-tie-wedding-guest-dresses/","https://www.thereformation.com/bridal/black-tie","","",""
"black tie wedding guest dresses","https://www.thereformation.com/bridal/black-tie","https://www.salonprivemag.com/black-tie-wedding-attire/","https://www.thereformation.com/bridal/black-tie","","",""
"black tie wedding guest dresses","https://www.thereformation.com/bridal/black-tie","https://milled.com/reformation/what-competition-IoGP9fK-D1cfKMG3","https://www.thereformation.com/bridal/black-tie","","",""
"black tie wedding guest dresses","https://www.thereformation.com/bridal/black-tie","https://milled.com/reformation/in-case-of-monogamy-FjM48vi-kNAh63zy","https://www.thereformation.com/bridal/black-tie","","",""
"black tie wedding guest dresses","https://www.thereformation.com/bridal/black-tie","https://www.bgfashion.net/article/18305/80/Your-One-Stop-Shop-for-Black-Tie-Dress-Code","https://www.thereformation.com/bridal/black-tie","","",""
"black tie wedding guest dresses","https://www.thereformation.com/bridal/black-tie","https://www.thefashionablehousewife.com/find-the-perfect-black-tie-dresses-for-every-occasion/","https://www.thereformation.com/bridal/black-tie","","",""
"black tie wedding guest dresses","https://www.thereformation.com/bridal/black-tie","https://thedailytribute.com/wedding-attire-for-your-most-formal-self/","https://www.thereformation.com/bridal/black-tie","","",""
"black tie wedding guest dresses","https://www.thereformation.com/bridal/black-tie","https://reportwire.org/types-of-dress-codes-fashion-for-every-function/","https://www.thereformation.com/bridal/black-tie","","",""
"black tie wedding guest dresses","https://www.thereformation.com/bridal/black-tie","https://lps.pagedeck.com/brand/thereformation.com/bridal-black-tie","https://www.thereformation.com/bridal/black-tie","","",""
"black tie wedding guest dresses","https://www.thereformation.com/bridal/black-tie","http://topworldproduct.com/the-shoes-shop.html","https://www.thereformation.com/bridal/black-tie","","",""
"black tie wedding guest dresses","https://www.thereformation.com/bridal/black-tie","http://topworldproduct.com/the-occasion-shop.html","https://www.thereformation.com/bridal/black-tie","","",""
"black tie wedding guest dresses","https://www.thereformation.com/bridal/black-tie","http://topworldproduct.com/the-millennial-decorator.html","https://www.thereformation.com/bridal/black-tie","","",""
"black tie wedding guest dresses","https://www.thereformation.com/bridal/black-tie","http://topworldproduct.com/the-jean-shop.html","https://www.thereformation.com/bridal/black-tie","","",""
"black tie wedding guest dresses","https://www.thereformation.com/bridal/black-tie","http://topworldproduct.com/the-bridal-salon.html","https://www.thereformation.com/bridal/black-tie","","",""
"black tie wedding guest dresses","https://www.thereformation.com/bridal/black-tie","http://topworldproduct.com/terms-and-conditions.html","https://www.thereformation.com/bridal/black-tie","","",""
"black tie wedding guest dresses","https://www.thereformation.com/bridal/black-tie","http://topworldproduct.com/tampa.html","https://www.thereformation.com/bridal/black-tie","","",""
"black tie wedding guest dresses","https://www.thereformation.com/bridal/black-tie","http://topworldproduct.com/sustainability-report-q4.html","https://www.thereformation.com/bridal/black-tie","","",""
"black tie wedding guest dresses","https://www.thereformation.com/bridal/black-tie","http://topworldproduct.com/sustainability-at-reformation.html","https://www.thereformation.com/bridal/black-tie","","",""
"black tie wedding guest dresses","https://www.thereformation.com/bridal/black-tie","http://topworldproduct.com/studio-city.html","https://www.thereformation.com/bridal/black-tie","","",""
"black tie wedding guest dresses","https://www.thereformation.com/bridal/black-tie","http://topworldproduct.com/stanford.html","https://www.thereformation.com/bridal/black-tie","","",""
"black tie wedding guest dresses","https://www.thereformation.com/bridal/black-tie","http://topworldproduct.com/southpark.html","https://www.thereformation.com/bridal/black-tie","","",""
"black tie wedding guest dresses","https://www.thereformation.com/bridal/black-tie","http://topworldproduct.com/southdale-center.html","https://www.thereformation.com/bridal/black-tie","","",""
"black tie wedding guest dresses","https://www.thereformation.com/bridal/black-tie","http://topworldproduct.com/south-coast-plaza.html","https://www.thereformation.com/bridal/black-tie","","",""
"black tie wedding guest dresses","https://www.thereformation.com/bridal/black-tie","http://topworldproduct.com/somerset.html","https://www.thereformation.com/bridal/black-tie","","",""
"black tie wedding guest dresses","https://www.thereformation.com/bridal/black-tie","http://topworldproduct.com/soho.html","https://www.thereformation.com/bridal/black-tie","","",""
"black tie wedding guest dresses","https://www.thereformation.com/bridal/black-tie","http://topworldproduct.com/site-map.html","https://www.thereformation.com/bridal/black-tie","","",""
"black tie wedding guest dresses","https://www.thereformation.com/bridal/black-tie","http://topworldproduct.com/site-accessibility.html","https://www.thereformation.com/bridal/black-tie","","",""
"black tie wedding guest dresses","https://www.thereformation.com/bridal/black-tie","http://topworldproduct.com/short-hills.html","https://www.thereformation.com/bridal/black-tie","","",""
"black tie wedding guest dresses","https://www.thereformation.com/bridal/black-tie","http://topworldproduct.com/shoreditch.html","https://www.thereformation.com/bridal/black-tie","","",""
"black tie wedding guest dresses","https://www.thereformation.com/bridal/black-tie","http://topworldproduct.com/seattle.html","https://www.thereformation.com/bridal/black-tie","","",""
"black tie wedding guest dresses","https://www.thereformation.com/bridal/black-tie","http://topworldproduct.com/scottsdale-pop-up.html","https://www.thereformation.com/bridal/black-tie","","",""
"black tie wedding guest dresses","https://www.thereformation.com/bridal/black-tie","http://topworldproduct.com/santa-monica.html","https://www.thereformation.com/bridal/black-tie","","",""
"black tie wedding guest dresses","https://www.thereformation.com/bridal/black-tie","http://topworldproduct.com/ref-recycling.html","https://www.thereformation.com/bridal/black-tie","","",""
"black tie wedding guest dresses","https://www.thereformation.com/bridal/black-tie","http://topworldproduct.com/ref-palisades.html","https://www.thereformation.com/bridal/black-tie","","",""
"black tie wedding guest dresses","https://www.thereformation.com/bridal/black-tie","http://topworldproduct.com/ref-melrose.html","https://www.thereformation.com/bridal/black-tie","","",""
"black tie wedding guest dresses","https://www.thereformation.com/bridal/black-tie","http://topworldproduct.com/ref-affiliates.html","https://www.thereformation.com/bridal/black-tie","","",""
"black tie wedding guest dresses","https://www.thereformation.com/bridal/black-tie","http://topworldproduct.com/raleigh.html","https://www.thereformation.com/bridal/black-tie","","",""
"black tie wedding guest dresses","https://www.thereformation.com/bridal/black-tie","http://topworldproduct.com/privacy-policy.html","https://www.thereformation.com/bridal/black-tie","","",""
"black tie wedding guest dresses","https://www.thereformation.com/bridal/black-tie","http://topworldproduct.com/portland.html","https://www.thereformation.com/bridal/black-tie","","",""
"black tie wedding guest dresses","https://www.thereformation.com/bridal/black-tie","http://topworldproduct.com/ponce-city-market.html","https://www.thereformation.com/bridal/black-tie","","",""
"black tie wedding guest dresses","https://www.thereformation.com/bridal/black-tie","http://topworldproduct.com/platform.html","https://www.thereformation.com/bridal/black-tie","","",""
"black tie wedding guest dresses","https://www.thereformation.com/bridal/black-tie","http://topworldproduct.com/philadelphia.html","https://www.thereformation.com/bridal/black-tie","","",""
"black tie wedding guest dresses","https://www.thereformation.com/bridal/black-tie","http://topworldproduct.com/passy.html","https://www.thereformation.com/bridal/black-tie","","",""
"black tie wedding guest dresses","https://www.thereformation.com/bridal/black-tie","http://topworldproduct.com/our-stuff.html","https://www.thereformation.com/bridal/black-tie","","",""
"black tie wedding guest dresses","https://www.thereformation.com/bridal/black-tie","http://topworldproduct.com/order-statusd306.html?isReturnExchange=true","https://www.thereformation.com/bridal/black-tie","","",""
"black tie wedding guest dresses","https://www.thereformation.com/bridal/black-tie","http://topworldproduct.com/order-status7717.html","https://www.thereformation.com/bridal/black-tie","","",""
"black tie wedding guest dresses","https://www.thereformation.com/bridal/black-tie","http://topworldproduct.com/order-status49f8.html?isLookup=true","https://www.thereformation.com/bridal/black-tie","","",""
"black tie wedding guest dresses","https://www.thereformation.com/bridal/black-tie","http://topworldproduct.com/oh-hi.html","https://www.thereformation.com/bridal/black-tie","","",""
"black tie wedding guest dresses","https://www.thereformation.com/bridal/black-tie","http://topworldproduct.com/oakbrook.html","https://www.thereformation.com/bridal/black-tie","","",""
"black tie wedding guest dresses","https://www.thereformation.com/bridal/black-tie","http://topworldproduct.com/notting-hill.html","https://www.thereformation.com/bridal/black-tie","","",""
"black tie wedding guest dresses","https://www.thereformation.com/bridal/black-tie","http://topworldproduct.com/new-orleans.html","https://www.thereformation.com/bridal/black-tie","","",""
"black tie wedding guest dresses","https://www.thereformation.com/bridal/black-tie","http://topworldproduct.com/nativa.html","https://www.thereformation.com/bridal/black-tie","","",""
"black tie wedding guest dresses","https://www.thereformation.com/bridal/black-tie","http://topworldproduct.com/nashville.html","https://www.thereformation.com/bridal/black-tie","","",""
"black tie wedding guest dresses","https://www.thereformation.com/bridal/black-tie","http://topworldproduct.com/montrose.html","https://www.thereformation.com/bridal/black-tie","","",""
"black tie wedding guest dresses","https://www.thereformation.com/bridal/black-tie","http://topworldproduct.com/miami.html","https://www.thereformation.com/bridal/black-tie","","",""
"black tie wedding guest dresses","https://www.thereformation.com/bridal/black-tie","http://topworldproduct.com/melrose-vintage.html","https://www.thereformation.com/bridal/black-tie","","",""
"black tie wedding guest dresses","https://www.thereformation.com/bridal/black-tie","http://topworldproduct.com/lower-east-side.html","https://www.thereformation.com/bridal/black-tie","","",""
"black tie wedding guest dresses","https://www.thereformation.com/bridal/black-tie","http://topworldproduct.com/le-marais.html","https://www.thereformation.com/bridal/black-tie","","",""
"black tie wedding guest dresses","https://www.thereformation.com/bridal/black-tie","http://topworldproduct.com/la-jolla.html","https://www.thereformation.com/bridal/black-tie","","",""
"black tie wedding guest dresses","https://www.thereformation.com/bridal/black-tie","http://topworldproduct.com/instant-resale.html","https://www.thereformation.com/bridal/black-tie","","",""
"black tie wedding guest dresses","https://www.thereformation.com/bridal/black-tie","http://topworldproduct.com/houston.html","https://www.thereformation.com/bridal/black-tie","","",""
"black tie wedding guest dresses","https://www.thereformation.com/bridal/black-tie","http://topworldproduct.com/hamptons.html","https://www.thereformation.com/bridal/black-tie","","",""
"black tie wedding guest dresses","https://www.thereformation.com/bridal/black-tie","http://topworldproduct.com/greenwich.html","https://www.thereformation.com/bridal/black-tie","","",""
"black tie wedding guest dresses","https://www.thereformation.com/bridal/black-tie","http://topworldproduct.com/georgetown.html","https://www.thereformation.com/bridal/black-tie","","",""
"black tie wedding guest dresses","https://www.thereformation.com/bridal/black-tie","http://topworldproduct.com/flatiron.html","https://www.thereformation.com/bridal/black-tie","","",""
"black tie wedding guest dresses","https://www.thereformation.com/bridal/black-tie","http://topworldproduct.com/fitting-and-sizes.html","https://www.thereformation.com/bridal/black-tie","","",""
"black tie wedding guest dresses","https://www.thereformation.com/bridal/black-tie","http://topworldproduct.com/fillmore.html","https://www.thereformation.com/bridal/black-tie","","",""
"black tie wedding guest dresses","https://www.thereformation.com/bridal/black-tie","http://topworldproduct.com/featured-edits.html","https://www.thereformation.com/bridal/black-tie","","",""
"black tie wedding guest dresses","https://www.thereformation.com/bridal/black-tie","http://topworldproduct.com/factories.html","https://www.thereformation.com/bridal/black-tie","","",""
"black tie wedding guest dresses","https://www.thereformation.com/bridal/black-tie","http://topworldproduct.com/domain-northside.html","https://www.thereformation.com/bridal/black-tie","","",""
"black tie wedding guest dresses","https://www.thereformation.com/bridal/black-tie","http://topworldproduct.com/denver.html","https://www.thereformation.com/bridal/black-tie","","",""
"black tie wedding guest dresses","https://www.thereformation.com/bridal/black-tie","http://topworldproduct.com/dallas.html","https://www.thereformation.com/bridal/black-tie","","",""
"black tie wedding guest dresses","https://www.thereformation.com/bridal/black-tie","http://topworldproduct.com/dallas-texas.html","https://www.thereformation.com/bridal/black-tie","","",""
"black tie wedding guest dresses","https://www.thereformation.com/bridal/black-tie","http://topworldproduct.com/covent-garden.html","https://www.thereformation.com/bridal/black-tie","","",""
"black tie wedding guest dresses","https://www.thereformation.com/bridal/black-tie","http://topworldproduct.com/climate-positive-roadmap.html","https://www.thereformation.com/bridal/black-tie","","",""
"black tie wedding guest dresses","https://www.thereformation.com/bridal/black-tie","http://topworldproduct.com/city-place.html","https://www.thereformation.com/bridal/black-tie","","",""
"black tie wedding guest dresses","https://www.thereformation.com/bridal/black-tie","http://topworldproduct.com/chicago.html","https://www.thereformation.com/bridal/black-tie","","",""
"black tie wedding guest dresses","https://www.thereformation.com/bridal/black-tie","http://topworldproduct.com/chestnut-hill.html","https://www.thereformation.com/bridal/black-tie","","",""
"black tie wedding guest dresses","https://www.thereformation.com/bridal/black-tie","http://topworldproduct.com/chelsea.html","https://www.thereformation.com/bridal/black-tie","","",""
"black tie wedding guest dresses","https://www.thereformation.com/bridal/black-tie","http://topworldproduct.com/charleston.html","https://www.thereformation.com/bridal/black-tie","","",""
"black tie wedding guest dresses","https://www.thereformation.com/bridal/black-tie","http://topworldproduct.com/careers.html","https://www.thereformation.com/bridal/black-tie","","",""
"black tie wedding guest dresses","https://www.thereformation.com/bridal/black-tie","http://topworldproduct.com/ca-supply-chain.html","https://www.thereformation.com/bridal/black-tie","","",""
"black tie wedding guest dresses","https://www.thereformation.com/bridal/black-tie","http://topworldproduct.com/broadway+plaza.html","https://www.thereformation.com/bridal/black-tie","","",""
"black tie wedding guest dresses","https://www.thereformation.com/bridal/black-tie","http://topworldproduct.com/boston.html","https://www.thereformation.com/bridal/black-tie","","",""
"black tie wedding guest dresses","https://www.thereformation.com/bridal/black-tie","http://topworldproduct.com/bond.html","https://www.thereformation.com/bridal/black-tie","","",""
"black tie wedding guest dresses","https://www.thereformation.com/bridal/black-tie","http://topworldproduct.com/black-tie.html","https://www.thereformation.com/bridal/black-tie","","",""
"black tie wedding guest dresses","https://www.thereformation.com/bridal/black-tie","http://topworldproduct.com/beverly-hills.html","https://www.thereformation.com/bridal/black-tie","","",""
"black tie wedding guest dresses","https://www.thereformation.com/bridal/black-tie","http://topworldproduct.com/bethesda.html","https://www.thereformation.com/bridal/black-tie","","",""
"black tie wedding guest dresses","https://www.thereformation.com/bridal/black-tie","http://topworldproduct.com/bellevue.html","https://www.thereformation.com/bridal/black-tie","","",""
"black tie wedding guest dresses","https://www.thereformation.com/bridal/black-tie","http://topworldproduct.com/battersea.html","https://www.thereformation.com/bridal/black-tie","","",""
"black tie wedding guest dresses","https://www.thereformation.com/bridal/black-tie","http://topworldproduct.com/aventura.html","https://www.thereformation.com/bridal/black-tie","","",""
"black tie wedding guest dresses","https://www.thereformation.com/bridal/black-tie","http://topworldproduct.com/avalon.html","https://www.thereformation.com/bridal/black-tie","","",""
"black tie wedding guest dresses","https://www.thereformation.com/bridal/black-tie","http://topworldproduct.com/austin.html","https://www.thereformation.com/bridal/black-tie","","",""
"black tie wedding guest dresses","https://www.thereformation.com/bridal/black-tie","http://topworldproduct.com/alterations.html","https://www.thereformation.com/bridal/black-tie","","",""
"black tie wedding guest dresses","https://www.thereformation.com/bridal/black-tie","http://reformation.com/bridal/black-tie","https://www.thereformation.com/bridal/black-tie","","",""
"black tie wedding guest dresses","https://www.anthropologie.com/wedding-guest-dresses","https://www.weddingwire.com/wedding-ideas/long-sleeve-wedding-guest-dresses","https://www.anthropologie.com/wedding-guest-dresses","","",""
"black tie wedding guest dresses","https://www.anthropologie.com/wedding-guest-dresses","https://uk.search.yahoo.com/mobile/s?_tsrc=apple&age=1m&ei=UTF-8&first=1&p=Sean%2BTaylor","https://www.anthropologie.com/wedding-guest-dresses","","",""
"black tie wedding guest dresses","https://www.anthropologie.com/wedding-guest-dresses","https://pl.search.yahoo.com/mobile/s?age=1m&ei=UTF-8&q=kten","https://www.anthropologie.com/wedding-guest-dresses","","",""
"black tie wedding guest dresses","https://www.anthropologie.com/wedding-guest-dresses","https://fr.search.yahoo.com/mobile/s?ei=UTF-8&p=Baramati%2C%2BInde","https://www.anthropologie.com/wedding-guest-dresses","","",""
"black tie wedding guest dresses","https://www.anthropologie.com/wedding-guest-dresses","https://es.search.yahoo.com/mobile/s?age=1m&ei=UTF-8&p=Richard%2BCabeza","https://www.anthropologie.com/wedding-guest-dresses","","",""
"black tie wedding guest dresses","https://www.anthropologie.com/wedding-guest-dresses","https://at.search.yahoo.com/mobile/s?_intl=at&_lang=de&age=1d&btf=d&ei=UTF-8&fr2=time&p=Emma%2BKullberg","https://www.anthropologie.com/wedding-guest-dresses","","",""
"black tie wedding guest dresses","https://www.anthropologie.com/wedding-guest-dresses","https://se.search.yahoo.com/mobile/s?ei=UTF-8&q=jey%2Buso%2Band%2Bjimmy%2Buso%2Bbloodline","https://www.anthropologie.com/wedding-guest-dresses","","",""
"black tie wedding guest dresses","https://www.anthropologie.com/wedding-guest-dresses","http://m.search.yahoo.com/v1/en-US/w/sapp?ei=UTF-8&fr2=p%3As%2Cv%3Asfp%2Cm%3Ancp&fr=sfp&p=Anthropologie","https://www.anthropologie.com/wedding-guest-dresses","","",""
"black tie wedding guest dresses","https://www.anthropologie.com/wedding-guest-dresses","https://www.theknot.com/content/trendy-brands-wedding-fashion","https://www.anthropologie.com/wedding-guest-dresses","","",""
"black tie wedding guest dresses","https://www.anthropologie.com/wedding-guest-dresses","https://www.instyle.com/fall-wedding-guest-dresses-2025-11802589","https://www.anthropologie.com/wedding-guest-dresses","","",""
"black tie wedding guest dresses","https://www.anthropologie.com/wedding-guest-dresses","https://www.huffpost.com/entry/where-to-shop-for-wedding-guest-dresses-youll-actually-wear-again_n_5b98047ce4b0511db3e6be6d","https://www.anthropologie.com/wedding-guest-dresses","","",""
"black tie wedding guest dresses","https://www.anthropologie.com/wedding-guest-dresses","https://www.travelandleisure.com/spring-wedding-guest-dresses-travel-writer-picks-march-2026-11920103","https://www.anthropologie.com/wedding-guest-dresses","","",""
"black tie wedding guest dresses","https://www.anthropologie.com/wedding-guest-dresses","https://kurier.at/style/onlineshops-hier-finden-hochzeitsgaeste-die-besten-outfits/400050284","https://www.anthropologie.com/wedding-guest-dresses","","",""
"black tie wedding guest dresses","https://www.anthropologie.com/wedding-guest-dresses","https://girlschannel.net/topics/1596139/","https://www.anthropologie.com/wedding-guest-dresses","","",""
"black tie wedding guest dresses","https://www.anthropologie.com/wedding-guest-dresses","https://sociallifemagazine.com/weddings/hamptons-wedding-guest-dresses-sunset-ceremonies/","https://www.anthropologie.com/wedding-guest-dresses","","",""
"black tie wedding guest dresses","https://www.anthropologie.com/wedding-guest-dresses","https://onefabday.com/where-to-find-wedding-guest-dresses/","https://www.anthropologie.com/wedding-guest-dresses","","",""
"black tie wedding guest dresses","https://www.anthropologie.com/wedding-guest-dresses","https://onefabday.com/where-to-find-plus-size-wedding-guest-dresses/","https://www.anthropologie.com/wedding-guest-dresses","","",""
"black tie wedding guest dresses","https://www.anthropologie.com/wedding-guest-dresses","https://onefabday.com/?amp%3Bterm=shoes&taxonomy=media_tag","https://www.anthropologie.com/wedding-guest-dresses","","",""
"black tie wedding guest dresses","https://www.anthropologie.com/wedding-guest-dresses","https://onefabday.com/?amp%3Bterm=red&taxonomy=ngg_tag","https://www.anthropologie.com/wedding-guest-dresses","","",""
"black tie wedding guest dresses","https://www.anthropologie.com/wedding-guest-dresses","https://onefabday.com/?amp%3Bterm=pink&taxonomy=ngg_tag","https://www.anthropologie.com/wedding-guest-dresses","","",""
"black tie wedding guest dresses","https://www.anthropologie.com/wedding-guest-dresses","https://onefabday.com/?amp%3Bterm=bouquet&taxonomy=ngg_tag","https://www.anthropologie.com/wedding-guest-dresses","","",""
"black tie wedding guest dresses","https://www.anthropologie.com/wedding-guest-dresses","https://tracking.us.nylas.com/l/37c523bfc1fe430fa9936b2538865a60/0/80b26521f8a65af8ab54dbef3ed1245836faec880f2fcb1bb26d02aa1d4be505?cache_buster=1758216711","https://www.anthropologie.com/wedding-guest-dresses","","",""
"black tie wedding guest dresses","https://www.anthropologie.com/wedding-guest-dresses","https://www.weddingchicks.com/wedding-dress-collections/13-of-the-hottest-dresses-to-wear-all-wedding-season-long/","https://www.anthropologie.com/wedding-guest-dresses","","",""
"black tie wedding guest dresses","https://www.anthropologie.com/wedding-guest-dresses","https://www.rockymountainbride.com/blog/anthropologie-fall-wedding-guest-edit-dresses-for-every-autumn-celebration/","https://www.anthropologie.com/wedding-guest-dresses","","",""
"black tie wedding guest dresses","https://www.anthropologie.com/wedding-guest-dresses","https://www.pembrokegardens.com/fashion/anthropologie/","https://www.anthropologie.com/wedding-guest-dresses","","",""
"black tie wedding guest dresses","https://www.anthropologie.com/wedding-guest-dresses","https://corporette.com/tuesdays-workwear-report-metropolis-tie-neck-blouse/","https://www.anthropologie.com/wedding-guest-dresses","","",""
"black tie wedding guest dresses","https://www.anthropologie.com/wedding-guest-dresses","https://www.bhldn.com/categories/occasion-dresses-view-all-wedding-guest-dresses","https://www.anthropologie.com/wedding-guest-dresses","","",""
"black tie wedding guest dresses","https://www.anthropologie.com/wedding-guest-dresses","https://milled.com/anthropologie/the-april-edit-i2KTEpeL8_0ePfin","https://www.anthropologie.com/wedding-guest-dresses","","",""
"black tie wedding guest dresses","https://www.anthropologie.com/wedding-guest-dresses","https://milled.com/anthropologie/take-a-bow-brides-NAkjxilwIxXkknQ9","https://www.anthropologie.com/wedding-guest-dresses","","",""
"black tie wedding guest dresses","https://www.anthropologie.com/wedding-guest-dresses","https://milled.com/anthropologie/take-a-bow-6vGQKesR6BOEBLC2","https://www.anthropologie.com/wedding-guest-dresses","","",""
"black tie wedding guest dresses","https://www.anthropologie.com/wedding-guest-dresses","https://milled.com/anthropologie/suns-out-invites-out--n85fos83Ta_u5EJ","https://www.anthropologie.com/wedding-guest-dresses","","",""
"black tie wedding guest dresses","https://www.anthropologie.com/wedding-guest-dresses","https://milled.com/anthropologie/summer-lovin-w7g4wcCXmPdQqNZb","https://www.anthropologie.com/wedding-guest-dresses","","",""
"black tie wedding guest dresses","https://www.anthropologie.com/wedding-guest-dresses","https://milled.com/anthropologie/suit-yourself-HoZ14XqhW3r16sAM","https://www.anthropologie.com/wedding-guest-dresses","","",""
"black tie wedding guest dresses","https://www.anthropologie.com/wedding-guest-dresses","https://milled.com/anthropologie/so-many-lwds-so-many-je269VuwgCceBGHe","https://www.anthropologie.com/wedding-guest-dresses","","",""
"black tie wedding guest dresses","https://www.anthropologie.com/wedding-guest-dresses","https://milled.com/anthropologie/shine-bright-like-a-192foO3LPW8Q45En","https://www.anthropologie.com/wedding-guest-dresses","","",""
"black tie wedding guest dresses","https://www.anthropologie.com/wedding-guest-dresses","https://milled.com/anthropologie/sets-appeal-IQoH_xTAiXXVBMoa","https://www.anthropologie.com/wedding-guest-dresses","","",""
"black tie wedding guest dresses","https://www.anthropologie.com/wedding-guest-dresses","https://milled.com/anthropologie/sea-and-be-seen-BuviHOEowMkKx2Yf","https://www.anthropologie.com/wedding-guest-dresses","","",""
"black tie wedding guest dresses","https://www.anthropologie.com/wedding-guest-dresses","https://milled.com/anthropologie/rsvp-mvps-4DPJmIE7m9hNBQkY","https://www.anthropologie.com/wedding-guest-dresses","","",""
"black tie wedding guest dresses","https://www.anthropologie.com/wedding-guest-dresses","https://milled.com/anthropologie/red-y-or-not-RFNxIq8o-pfTOJBW","https://www.anthropologie.com/wedding-guest-dresses","","",""
"black tie wedding guest dresses","https://www.anthropologie.com/wedding-guest-dresses","https://milled.com/anthropologie/red-all-about-it-ZfvM7i-DwGwPq_y4","https://www.anthropologie.com/wedding-guest-dresses","","",""
"black tie wedding guest dresses","https://www.anthropologie.com/wedding-guest-dresses","https://milled.com/anthropologie/ready-set-stun-cQ_O0RSM5yrhhhtW","https://www.anthropologie.com/wedding-guest-dresses","","",""
"black tie wedding guest dresses","https://www.anthropologie.com/wedding-guest-dresses","https://milled.com/anthropologie/pretty-pleats-VLYmrLdbwfJkOX5k","https://www.anthropologie.com/wedding-guest-dresses","","",""
"black tie wedding guest dresses","https://www.anthropologie.com/wedding-guest-dresses","https://milled.com/anthropologie/pretty-in-QL-JgbW7IKaWivpD","https://www.anthropologie.com/wedding-guest-dresses","","",""
"black tie wedding guest dresses","https://www.anthropologie.com/wedding-guest-dresses","https://milled.com/anthropologie/p-early-spring-UouIa9BxvZZOzUQE","https://www.anthropologie.com/wedding-guest-dresses","","",""
"black tie wedding guest dresses","https://www.anthropologie.com/wedding-guest-dresses","https://milled.com/anthropologie/out-of-the-blue-GnkQyf12kVAGVTS3","https://www.anthropologie.com/wedding-guest-dresses","","",""
"black tie wedding guest dresses","https://www.anthropologie.com/wedding-guest-dresses","https://milled.com/anthropologie/nye-wedding-Ele9bbt3ljN28YcL","https://www.anthropologie.com/wedding-guest-dresses","","",""
"black tie wedding guest dresses","https://www.anthropologie.com/wedding-guest-dresses","https://milled.com/anthropologie/noir-nights-b1n0QovfF83vi6sn","https://www.anthropologie.com/wedding-guest-dresses","","",""
"black tie wedding guest dresses","https://www.anthropologie.com/wedding-guest-dresses","https://milled.com/anthropologie/new-new-and-new-M5PLAcQTkqBG-B48","https://www.anthropologie.com/wedding-guest-dresses","","",""
"black tie wedding guest dresses","https://www.anthropologie.com/wedding-guest-dresses","https://milled.com/anthropologie/modern-greats-the-nicola-gown-6ys3sPBVXRufqAHp","https://www.anthropologie.com/wedding-guest-dresses","","",""
"black tie wedding guest dresses","https://www.anthropologie.com/wedding-guest-dresses","https://milled.com/anthropologie/mob-mvps-pYs0xP2fJ9zAcJAi","https://www.anthropologie.com/wedding-guest-dresses","","",""
"black tie wedding guest dresses","https://www.anthropologie.com/wedding-guest-dresses","https://milled.com/anthropologie/meet-your-matcha-maids-wImkHC2WFDRcH7_U","https://www.anthropologie.com/wedding-guest-dresses","","",""
"black tie wedding guest dresses","https://www.anthropologie.com/wedding-guest-dresses","https://milled.com/anthropologie/meet-us-in-havana-JRUApbLkxV-RbZ4w","https://www.anthropologie.com/wedding-guest-dresses","","",""
"black tie wedding guest dresses","https://www.anthropologie.com/wedding-guest-dresses","https://milled.com/anthropologie/meet-our-besties-wHbggb7JZiE9EX9F","https://www.anthropologie.com/wedding-guest-dresses","","",""
"black tie wedding guest dresses","https://www.anthropologie.com/wedding-guest-dresses","https://milled.com/anthropologie/maxis-everyone-adores-vuf0qZHAFEX4PTQ1","https://www.anthropologie.com/wedding-guest-dresses","","",""
"black tie wedding guest dresses","https://www.anthropologie.com/wedding-guest-dresses","https://milled.com/anthropologie/married-in-mallorca-BJlB8eEI0xf_Krdl","https://www.anthropologie.com/wedding-guest-dresses","","",""
"black tie wedding guest dresses","https://www.anthropologie.com/wedding-guest-dresses","https://milled.com/anthropologie/make-your-bridesmaids-blush-CNaGSWVvq31SkhSj","https://www.anthropologie.com/wedding-guest-dresses","","",""
"black tie wedding guest dresses","https://www.anthropologie.com/wedding-guest-dresses","https://milled.com/anthropologie/lbbds-for-your-vips-0lgimM02Nb24Y9oz","https://www.anthropologie.com/wedding-guest-dresses","","",""
"black tie wedding guest dresses","https://www.anthropologie.com/wedding-guest-dresses","https://milled.com/anthropologie/lace-ace-meet-the-mila-gown-e67Oq0O2csmrFpvX","https://www.anthropologie.com/wedding-guest-dresses","","",""
"black tie wedding guest dresses","https://www.anthropologie.com/wedding-guest-dresses","https://milled.com/anthropologie/jewels-in-session-sCp8VHuhzICY6aeX","https://www.anthropologie.com/wedding-guest-dresses","","",""
"black tie wedding guest dresses","https://www.anthropologie.com/wedding-guest-dresses","https://milled.com/anthropologie/its-your-daisy-jKAG6gNrCSwO0E1m","https://www.anthropologie.com/wedding-guest-dresses","","",""
"black tie wedding guest dresses","https://www.anthropologie.com/wedding-guest-dresses","https://milled.com/anthropologie/its-all-about-new-lw114zoHz6t92e5s","https://www.anthropologie.com/wedding-guest-dresses","","",""
"black tie wedding guest dresses","https://www.anthropologie.com/wedding-guest-dresses","https://milled.com/anthropologie/it-had-to-be-blue-cPc_5tmcHFXMADTb","https://www.anthropologie.com/wedding-guest-dresses","","",""
"black tie wedding guest dresses","https://www.anthropologie.com/wedding-guest-dresses","https://milled.com/anthropologie/in-with-the-new-QADNDw7jyCh4ZoO7","https://www.anthropologie.com/wedding-guest-dresses","","",""
"black tie wedding guest dresses","https://www.anthropologie.com/wedding-guest-dresses","https://milled.com/anthropologie/here-comes-the-bright-s-Vcg3IVqsVcAYK6zU","https://www.anthropologie.com/wedding-guest-dresses","","",""
"black tie wedding guest dresses","https://www.anthropologie.com/wedding-guest-dresses","https://milled.com/anthropologie/have-you-met-v-chapman-K85ukrEygYmWwKXC","https://www.anthropologie.com/wedding-guest-dresses","","",""
"black tie wedding guest dresses","https://www.anthropologie.com/wedding-guest-dresses","https://milled.com/anthropologie/have-a-oBmWPHIk_MP7LO7A","https://www.anthropologie.com/wedding-guest-dresses","","",""
"black tie wedding guest dresses","https://www.anthropologie.com/wedding-guest-dresses","https://milled.com/anthropologie/guest-again-JiVPXc_RB042CjvE","https://www.anthropologie.com/wedding-guest-dresses","","",""
"black tie wedding guest dresses","https://www.anthropologie.com/wedding-guest-dresses","https://milled.com/anthropologie/gowns-with-vow-factor-Ki6VRTGxWganGHqG","https://www.anthropologie.com/wedding-guest-dresses","","",""
"black tie wedding guest dresses","https://www.anthropologie.com/wedding-guest-dresses","https://milled.com/anthropologie/get-ready-to-get-ready-THRYw5RiUWS062hL","https://www.anthropologie.com/wedding-guest-dresses","","",""
"black tie wedding guest dresses","https://www.anthropologie.com/wedding-guest-dresses","https://milled.com/anthropologie/get-outta-town-ld4xXtgn00D6LTc3","https://www.anthropologie.com/wedding-guest-dresses","","",""
"black tie wedding guest dresses","https://www.anthropologie.com/wedding-guest-dresses","https://milled.com/anthropologie/extra-extra-the-accessories-edit-RqXa6a00qo78VIij","https://www.anthropologie.com/wedding-guest-dresses","","",""
"black tie wedding guest dresses","https://www.anthropologie.com/wedding-guest-dresses","https://milled.com/anthropologie/dress-in-the-city-Bf952tY1_gQiRvP7","https://www.anthropologie.com/wedding-guest-dresses","","",""
"black tie wedding guest dresses","https://www.anthropologie.com/wedding-guest-dresses","https://milled.com/anthropologie/dazzling-views-mV9vF1jZbKaTwuXG","https://www.anthropologie.com/wedding-guest-dresses","","",""
"black tie wedding guest dresses","https://www.anthropologie.com/wedding-guest-dresses","https://milled.com/anthropologie/cotton-candy-dressing-UU73Bdfxg1lCsnlj","https://www.anthropologie.com/wedding-guest-dresses","","",""
"black tie wedding guest dresses","https://www.anthropologie.com/wedding-guest-dresses","https://milled.com/anthropologie/cotton-candy-crush-rcPGFfO5JKst8cq1","https://www.anthropologie.com/wedding-guest-dresses","","",""
"black tie wedding guest dresses","https://www.anthropologie.com/wedding-guest-dresses","https://milled.com/anthropologie/come-sail-away-nFXcww5kHsk2A6WL","https://www.anthropologie.com/wedding-guest-dresses","","",""
"black tie wedding guest dresses","https://www.anthropologie.com/wedding-guest-dresses","https://milled.com/anthropologie/clean-bride-aesthetic-EDRXqoTH-23IXkDy","https://www.anthropologie.com/wedding-guest-dresses","","",""
"black tie wedding guest dresses","https://www.anthropologie.com/wedding-guest-dresses","https://milled.com/anthropologie/butter-yellow-M4BlHXIVirZjWk9z","https://www.anthropologie.com/wedding-guest-dresses","","",""
"black tie wedding guest dresses","https://www.anthropologie.com/wedding-guest-dresses","https://milled.com/anthropologie/bridesmaid-dresses-200-NyDQR8op8myW_BAR","https://www.anthropologie.com/wedding-guest-dresses","","",""
"black tie wedding guest dresses","https://www.anthropologie.com/wedding-guest-dresses","https://milled.com/anthropologie/better-late-than-ever-Se--AIayvFBZlY57","https://www.anthropologie.com/wedding-guest-dresses","","",""
"black tie wedding guest dresses","https://www.anthropologie.com/wedding-guest-dresses","https://milled.com/anthropologie/best-summer-ever-GyBJRxD-TefuyBva","https://www.anthropologie.com/wedding-guest-dresses","","",""
"black tie wedding guest dresses","https://www.anthropologie.com/wedding-guest-dresses","https://milled.com/anthropologie/all-dressed-up-town-rGfBr7uZ-3BQTnEU","https://www.anthropologie.com/wedding-guest-dresses","","",""
"black tie wedding guest dresses","https://www.anthropologie.com/wedding-guest-dresses","https://milled.com/anthropologie/a-love-story-OHntuKcf7F9BbXdA","https://www.anthropologie.com/wedding-guest-dresses","","",""
"black tie wedding guest dresses","https://www.anthropologie.com/wedding-guest-dresses","https://milled.com/anthropologie/a-hem-its-lwd-season-aOvV8V_ERL2YRq1g","https://www.anthropologie.com/wedding-guest-dresses","","",""
"black tie wedding guest dresses","https://www.anthropologie.com/wedding-guest-dresses","https://milled.com/anthropologie/10-10-no-notes-ThFBKQQ0GcWKGjwm","https://www.anthropologie.com/wedding-guest-dresses","","",""
"black tie wedding guest dresses","https://www.anthropologie.com/wedding-guest-dresses","https://milled.com/anthropologie-fr/the-april-edit-2YyGr5w6emNasIiW","https://www.anthropologie.com/wedding-guest-dresses","","",""
"black tie wedding guest dresses","https://www.anthropologie.com/wedding-guest-dresses","https://milled.com/anthropologie-fr/suit-yourself-Mz3onNw3oloon93f","https://www.anthropologie.com/wedding-guest-dresses","","",""
"black tie wedding guest dresses","https://www.anthropologie.com/wedding-guest-dresses","https://milled.com/anthropologie-fr/best-summer-ever-KJJPNlNtyJwcX8z5","https://www.anthropologie.com/wedding-guest-dresses","","",""
"black tie wedding guest dresses","https://showmeyourmumu.com/collections/mumu-weddings-for-guest-dress-code-formal","https://filmdaily.co/lifestyle/lights-camera-glamour-6-celebrity-inspired-looks-for-a-grand-event/","https://showmeyourmumu.com/collections/mumu-weddings-for-guest-dress-code-formal","","",""
"black tie wedding guest dresses","https://showmeyourmumu.com/collections/mumu-weddings-for-guest-dress-code-formal","https://lps.pagedeck.com/brand/showmeyourmumu.com/collections-mumu-weddings-for-guest-dress-code-formal","https://showmeyourmumu.com/collections/mumu-weddings-for-guest-dress-code-formal","","",""
"black tie wedding guest dresses","https://showmeyourmumu.com/collections/mumu-weddings-for-guest-dress-code-formal","https://www.sisidunia.com/25/are-you-ready-to-be-the-best-wedding-guest-find-out-how/","https://showmeyourmumu.com/collections/mumu-weddings-for-guest-dress-code-formal","","",""
"black tie wedding guest dresses","https://showmeyourmumu.com/collections/mumu-weddings-for-guest-dress-code-formal","https://p.eurekster.com/?apdiv=Submit&id&search=Dress%20Boots","https://showmeyourmumu.com/collections/mumu-weddings-for-guest-dress-code-formal","","",""
"black tie wedding guest dresses","https://showmeyourmumu.com/collections/mumu-weddings-for-guest-dress-code-formal","https://p.eurekster.com/?apdiv=Submit&id&search=Dress%20Boot","https://showmeyourmumu.com/collections/mumu-weddings-for-guest-dress-code-formal","","",""
"black tie wedding guest dresses","https://showmeyourmumu.com/collections/mumu-weddings-for-guest-dress-code-formal","https://p.eurekster.com/?apdiv=Submit&id&search=Dress%20Band","https://showmeyourmumu.com/collections/mumu-weddings-for-guest-dress-code-formal","","",""
"black tie wedding guest dresses","https://showmeyourmumu.com/collections/mumu-weddings-for-guest-dress-code-formal","https://p.eurekster.com/?apdiv=Submit&id&search=Dress%20Baby","https://showmeyourmumu.com/collections/mumu-weddings-for-guest-dress-code-formal","","",""
"black tie wedding guest dresses","https://showmeyourmumu.com/collections/mumu-weddings-for-guest-dress-code-formal","https://p.eurekster.com/?apdiv=Submit&id&search=Dress%202x","https://showmeyourmumu.com/collections/mumu-weddings-for-guest-dress-code-formal","","",""
"black tie wedding guest dresses","https://showmeyourmumu.com/collections/mumu-weddings-for-guest-dress-code-formal","https://p.eurekster.com/?apdiv=Submit&id&search=Dress","https://showmeyourmumu.com/collections/mumu-weddings-for-guest-dress-code-formal","","",""
"black tie wedding guest dresses","https://showmeyourmumu.com/collections/mumu-weddings-for-guest-dress-code-formal","https://p.eurekster.com/?apdiv=Submit&id&search=Discount%20Dress%20Shoes","https://showmeyourmumu.com/collections/mumu-weddings-for-guest-dress-code-formal","","",""
"black tie wedding guest dresses","https://showmeyourmumu.com/collections/mumu-weddings-for-guest-dress-code-formal","https://p.eurekster.com/?apdiv=Submit&id&search=Discount%20Dress%20Shirts","https://showmeyourmumu.com/collections/mumu-weddings-for-guest-dress-code-formal","","",""
"black tie wedding guest dresses","https://showmeyourmumu.com/collections/mumu-weddings-for-guest-dress-code-formal","https://p.eurekster.com/?apdiv=Submit&id&search=Discount%20Dress","https://showmeyourmumu.com/collections/mumu-weddings-for-guest-dress-code-formal","","",""
"black tie wedding guest dresses","https://showmeyourmumu.com/collections/mumu-weddings-for-guest-dress-code-formal","https://p.eurekster.com/?apdiv=Submit&id&search=Design%20a%20Dress","https://showmeyourmumu.com/collections/mumu-weddings-for-guest-dress-code-formal","","",""
"black tie wedding guest dresses","https://showmeyourmumu.com/collections/mumu-weddings-for-guest-dress-code-formal","https://p.eurekster.com/?apdiv=Submit&id&search=Design%20Dress%20Online","https://showmeyourmumu.com/collections/mumu-weddings-for-guest-dress-code-formal","","",""
"black tie wedding guest dresses","https://showmeyourmumu.com/collections/mumu-weddings-for-guest-dress-code-formal","https://p.eurekster.com/?apdiv=Submit&id&search=Denim%20Dress","https://showmeyourmumu.com/collections/mumu-weddings-for-guest-dress-code-formal","","",""
"black tie wedding guest dresses","https://showmeyourmumu.com/collections/mumu-weddings-for-guest-dress-code-formal","https://p.eurekster.com/?apdiv=Submit&id&search=Day%20Dress","https://showmeyourmumu.com/collections/mumu-weddings-for-guest-dress-code-formal","","",""
"black tie wedding guest dresses","https://showmeyourmumu.com/collections/mumu-weddings-for-guest-dress-code-formal","https://p.eurekster.com/?apdiv=Submit&id&search=Dancing%20Dress","https://showmeyourmumu.com/collections/mumu-weddings-for-guest-dress-code-formal","","",""
"black tie wedding guest dresses","https://showmeyourmumu.com/collections/mumu-weddings-for-guest-dress-code-formal","https://p.eurekster.com/?apdiv=Submit&id&search=Cream%20Dress","https://showmeyourmumu.com/collections/mumu-weddings-for-guest-dress-code-formal","","",""
"black tie wedding guest dresses","https://showmeyourmumu.com/collections/mumu-weddings-for-guest-dress-code-formal","https://p.eurekster.com/?apdiv=Submit&id&search=Convertible%20Dress","https://showmeyourmumu.com/collections/mumu-weddings-for-guest-dress-code-formal","","",""
"black tie wedding guest dresses","https://showmeyourmumu.com/collections/mumu-weddings-for-guest-dress-code-formal","https://p.eurekster.com/?apdiv=Submit&id&search=Classic%20Dress","https://showmeyourmumu.com/collections/mumu-weddings-for-guest-dress-code-formal","","",""
"black tie wedding guest dresses","https://showmeyourmumu.com/collections/mumu-weddings-for-guest-dress-code-formal","https://p.eurekster.com/?apdiv=Submit&id&search=Christmas%20Dress","https://showmeyourmumu.com/collections/mumu-weddings-for-guest-dress-code-formal","","",""
"black tie wedding guest dresses","https://showmeyourmumu.com/collections/mumu-weddings-for-guest-dress-code-formal","https://p.eurekster.com/?apdiv=Submit&id&search=China%20Dress","https://showmeyourmumu.com/collections/mumu-weddings-for-guest-dress-code-formal","","",""
"black tie wedding guest dresses","https://showmeyourmumu.com/collections/mumu-weddings-for-guest-dress-code-formal","https://p.eurekster.com/?apdiv=Submit&id&search=Children%20Dress%20Shoes","https://showmeyourmumu.com/collections/mumu-weddings-for-guest-dress-code-formal","","",""
"black tie wedding guest dresses","https://showmeyourmumu.com/collections/mumu-weddings-for-guest-dress-code-formal","https://p.eurekster.com/?apdiv=Submit&id&search=Children%20Dress%20Coats","https://showmeyourmumu.com/collections/mumu-weddings-for-guest-dress-code-formal","","",""
"black tie wedding guest dresses","https://showmeyourmumu.com/collections/mumu-weddings-for-guest-dress-code-formal","https://p.eurekster.com/?apdiv=Submit&id&search=Child%20Formal%20Dress","https://showmeyourmumu.com/collections/mumu-weddings-for-guest-dress-code-formal","","",""
"black tie wedding guest dresses","https://showmeyourmumu.com/collections/mumu-weddings-for-guest-dress-code-formal","https://p.eurekster.com/?apdiv=Submit&id&search=Cheap%20Formal%20Dress","https://showmeyourmumu.com/collections/mumu-weddings-for-guest-dress-code-formal","","",""
"black tie wedding guest dresses","https://showmeyourmumu.com/collections/mumu-weddings-for-guest-dress-code-formal","https://p.eurekster.com/?apdiv=Submit&id&search=Cheap%20Dress%20Sale","https://showmeyourmumu.com/collections/mumu-weddings-for-guest-dress-code-formal","","",""
"black tie wedding guest dresses","https://showmeyourmumu.com/collections/mumu-weddings-for-guest-dress-code-formal","https://p.eurekster.com/?apdiv=Submit&id&search=Cheap%20Dress","https://showmeyourmumu.com/collections/mumu-weddings-for-guest-dress-code-formal","","",""
"black tie wedding guest dresses","https://showmeyourmumu.com/collections/mumu-weddings-for-guest-dress-code-formal","https://p.eurekster.com/?apdiv=Submit&id&search=Chambray%20Dress","https://showmeyourmumu.com/collections/mumu-weddings-for-guest-dress-code-formal","","",""
"black tie wedding guest dresses","https://showmeyourmumu.com/collections/mumu-weddings-for-guest-dress-code-formal","https://p.eurekster.com/?apdiv=Submit&id&search=California%20Dress","https://showmeyourmumu.com/collections/mumu-weddings-for-guest-dress-code-formal","","",""
"black tie wedding guest dresses","https://showmeyourmumu.com/collections/mumu-weddings-for-guest-dress-code-formal","https://p.eurekster.com/?apdiv=Submit&id&search=C%20C%20California%20Dress","https://showmeyourmumu.com/collections/mumu-weddings-for-guest-dress-code-formal","","",""
"black tie wedding guest dresses","https://showmeyourmumu.com/collections/mumu-weddings-for-guest-dress-code-formal","https://p.eurekster.com/?apdiv=Submit&id&search=Buy%20Dress%20Shirt","https://showmeyourmumu.com/collections/mumu-weddings-for-guest-dress-code-formal","","",""
"black tie wedding guest dresses","https://showmeyourmumu.com/collections/mumu-weddings-for-guest-dress-code-formal","https://p.eurekster.com/?apdiv=Submit&id&search=Block%20Dress","https://showmeyourmumu.com/collections/mumu-weddings-for-guest-dress-code-formal","","",""
"black tie wedding guest dresses","https://showmeyourmumu.com/collections/mumu-weddings-for-guest-dress-code-formal","https://p.eurekster.com/?apdiv=Submit&id&search=Black%20Linen%20Dress","https://showmeyourmumu.com/collections/mumu-weddings-for-guest-dress-code-formal","","",""
"black tie wedding guest dresses","https://showmeyourmumu.com/collections/mumu-weddings-for-guest-dress-code-formal","https://p.eurekster.com/?apdiv=Submit&id&search=Black%20Formal%20Dress","https://showmeyourmumu.com/collections/mumu-weddings-for-guest-dress-code-formal","","",""
"black tie wedding guest dresses","https://showmeyourmumu.com/collections/mumu-weddings-for-guest-dress-code-formal","https://p.eurekster.com/?apdiv=Submit&id&search=Black%20Dress%20Funeral","https://showmeyourmumu.com/collections/mumu-weddings-for-guest-dress-code-formal","","",""
"black tie wedding guest dresses","https://showmeyourmumu.com/collections/mumu-weddings-for-guest-dress-code-formal","https://p.eurekster.com/?apdiv=Submit&id&search=Black%20Dotted%20Dress","https://showmeyourmumu.com/collections/mumu-weddings-for-guest-dress-code-formal","","",""
"black tie wedding guest dresses","https://showmeyourmumu.com/collections/mumu-weddings-for-guest-dress-code-formal","https://p.eurekster.com/?apdiv=Submit&id&search=Birthday%20Dress%202t","https://showmeyourmumu.com/collections/mumu-weddings-for-guest-dress-code-formal","","",""
"black tie wedding guest dresses","https://showmeyourmumu.com/collections/mumu-weddings-for-guest-dress-code-formal","https://p.eurekster.com/?apdiv=Submit&id&search=Birthday%20Dress","https://showmeyourmumu.com/collections/mumu-weddings-for-guest-dress-code-formal","","",""
"black tie wedding guest dresses","https://showmeyourmumu.com/collections/mumu-weddings-for-guest-dress-code-formal","https://p.eurekster.com/?apdiv=Submit&id&search=Beauty%20Dress","https://showmeyourmumu.com/collections/mumu-weddings-for-guest-dress-code-formal","","",""
"black tie wedding guest dresses","https://showmeyourmumu.com/collections/mumu-weddings-for-guest-dress-code-formal","https://p.eurekster.com/?apdiv=Submit&id&search=Beautiful%20Dress","https://showmeyourmumu.com/collections/mumu-weddings-for-guest-dress-code-formal","","",""
"black tie wedding guest dresses","https://showmeyourmumu.com/collections/mumu-weddings-for-guest-dress-code-formal","https://p.eurekster.com/?apdiv=Submit&id&search=Beach%20Wedding%20Dress","https://showmeyourmumu.com/collections/mumu-weddings-for-guest-dress-code-formal","","",""
"black tie wedding guest dresses","https://showmeyourmumu.com/collections/mumu-weddings-for-guest-dress-code-formal","https://p.eurekster.com/?apdiv=Submit&id&search=Beach%20Dress","https://showmeyourmumu.com/collections/mumu-weddings-for-guest-dress-code-formal","","",""
"black tie wedding guest dresses","https://showmeyourmumu.com/collections/mumu-weddings-for-guest-dress-code-formal","https://p.eurekster.com/?apdiv=Submit&id&search=Bcbgeneration%20Dress","https://showmeyourmumu.com/collections/mumu-weddings-for-guest-dress-code-formal","","",""
"black tie wedding guest dresses","https://showmeyourmumu.com/collections/mumu-weddings-for-guest-dress-code-formal","https://p.eurekster.com/?apdiv=Submit&id&search=Battle%20Dress%20Uniforms","https://showmeyourmumu.com/collections/mumu-weddings-for-guest-dress-code-formal","","",""
"black tie wedding guest dresses","https://showmeyourmumu.com/collections/mumu-weddings-for-guest-dress-code-formal","https://p.eurekster.com/?apdiv=Submit&id&search=Baby%20Dress%20Shoes","https://showmeyourmumu.com/collections/mumu-weddings-for-guest-dress-code-formal","","",""
"black tie wedding guest dresses","https://showmeyourmumu.com/collections/mumu-weddings-for-guest-dress-code-formal","https://p.eurekster.com/?apdiv=Submit&id&search=Baby%20Dress","https://showmeyourmumu.com/collections/mumu-weddings-for-guest-dress-code-formal","","",""
"black tie wedding guest dresses","https://showmeyourmumu.com/collections/mumu-weddings-for-guest-dress-code-formal","https://p.eurekster.com/?apdiv=Submit&id&search=Asymmetrical%20Dress","https://showmeyourmumu.com/collections/mumu-weddings-for-guest-dress-code-formal","","",""
"black tie wedding guest dresses","https://showmeyourmumu.com/collections/mumu-weddings-for-guest-dress-code-formal","https://p.eurekster.com/?apdiv=Submit&id&search=American%20Dress","https://showmeyourmumu.com/collections/mumu-weddings-for-guest-dress-code-formal","","",""
"black tie wedding guest dresses","https://showmeyourmumu.com/collections/mumu-weddings-for-guest-dress-code-formal","https://p.eurekster.com/?apdiv=Submit&id&search=African%20Dress","https://showmeyourmumu.com/collections/mumu-weddings-for-guest-dress-code-formal","","",""
"black tie wedding guest dresses","https://showmeyourmumu.com/collections/mumu-weddings-for-guest-dress-code-formal","https://macronet.org/acr/wedding-guest-dress-near-me","https://showmeyourmumu.com/collections/mumu-weddings-for-guest-dress-code-formal","","",""
"black tie wedding guest dresses","https://showmeyourmumu.com/collections/mumu-weddings-for-guest-dress-code-formal","https://in.search.yahoo.com/mobile/s?age=1d&ei=UTF-8&q=Fatso","https://showmeyourmumu.com/collections/mumu-weddings-for-guest-dress-code-formal","","",""
"black tie wedding guest dresses","https://showmeyourmumu.com/collections/mumu-weddings-for-guest-dress-code-formal","https://astricknation.com/elegant-black-tie-wedding-guest-dresses/","https://showmeyourmumu.com/collections/mumu-weddings-for-guest-dress-code-formal","","",""
"black tie wedding guest dresses","https://www.vogue.com/slideshow/black-tie-wedding-guest-dresses","https://it.search.yahoo.com/yp/search?age=1m&ei=UTF-8&norw=1&p=Harry%2BHamlin","https://www.vogue.com/slideshow/black-tie-wedding-guest-dresses","","",""
"black tie wedding guest dresses","https://www.vogue.com/slideshow/black-tie-wedding-guest-dresses","https://www.digitalfashionacademy.com/ko/dress-code-full-guide/","https://www.vogue.com/slideshow/black-tie-wedding-guest-dresses","","",""
"black tie wedding guest dresses","https://www.vogue.com/slideshow/black-tie-wedding-guest-dresses","https://betches.com/what-does-black-tie-wedding-dress-code-mean/","https://www.vogue.com/slideshow/black-tie-wedding-guest-dresses","","",""
"black tie wedding guest dresses","https://www.vogue.com/slideshow/black-tie-wedding-guest-dresses","https://www.digitalfashionacademy.com/pt/dress-code-full-guide/","https://www.vogue.com/slideshow/black-tie-wedding-guest-dresses","","",""
"black tie wedding guest dresses","https://www.vogue.com/slideshow/black-tie-wedding-guest-dresses","https://www.digitalfashionacademy.com/dress-code-full-guide/","https://www.vogue.com/slideshow/black-tie-wedding-guest-dresses","","",""
"black tie wedding guest dresses","https://www.vogue.com/slideshow/black-tie-wedding-guest-dresses","https://www.georgestreetphoto.com/blog/p/sun-kissed-love-a-dreamy-summer-wedding-of-abigail-and-alexander-at-chicago-cultural-center","https://www.vogue.com/slideshow/black-tie-wedding-guest-dresses","","",""
"black tie wedding guest dresses","https://www.vogue.com/slideshow/black-tie-wedding-guest-dresses","https://www.georgestreetphoto.com/blog/p/spooktacular-love-infuse-these-19-dark-elements-into-your-wedding-for-halloween","https://www.vogue.com/slideshow/black-tie-wedding-guest-dresses","","",""
"black tie wedding guest dresses","https://www.vogue.com/slideshow/black-tie-wedding-guest-dresses","https://www.digitalfashionacademy.com/fr/dress-code-full-guide/","https://www.vogue.com/slideshow/black-tie-wedding-guest-dresses","","",""
"black tie wedding guest dresses","https://www.vogue.com/slideshow/black-tie-wedding-guest-dresses","https://madamebridal.com/blog/mother-of-the-bride-wear-black/","https://www.vogue.com/slideshow/black-tie-wedding-guest-dresses","","",""
"black tie wedding guest dresses","https://www.vogue.com/slideshow/black-tie-wedding-guest-dresses","https://www.digitalfashionacademy.com/pl/dress-code-full-guide/","https://www.vogue.com/slideshow/black-tie-wedding-guest-dresses","","",""
"black tie wedding guest dresses","https://www.vogue.com/slideshow/black-tie-wedding-guest-dresses","https://www.digitalfashionacademy.com/it/dress-code-full-guide/","https://www.vogue.com/slideshow/black-tie-wedding-guest-dresses","","",""
"black tie wedding guest dresses","https://www.vogue.com/slideshow/black-tie-wedding-guest-dresses","https://www.digitalfashionacademy.com/hi/dress-code-full-guide/","https://www.vogue.com/slideshow/black-tie-wedding-guest-dresses","","",""
"black tie wedding guest dresses","https://www.vogue.com/slideshow/black-tie-wedding-guest-dresses","https://www.digitalfashionacademy.com/es/dress-code-full-guide/","https://www.vogue.com/slideshow/black-tie-wedding-guest-dresses","","",""
"black tie wedding guest dresses","https://www.vogue.com/slideshow/black-tie-wedding-guest-dresses","https://www.digitalfashionacademy.com/el/dress-code-full-guide/","https://www.vogue.com/slideshow/black-tie-wedding-guest-dresses","","",""
"black tie wedding guest dresses","https://www.vogue.com/slideshow/black-tie-wedding-guest-dresses","https://www.digitalfashionacademy.com/de/dress-code-full-guide/","https://www.vogue.com/slideshow/black-tie-wedding-guest-dresses","","",""
"black tie wedding guest dresses","https://www.vogue.com/slideshow/black-tie-wedding-guest-dresses","https://www.digitalfashionacademy.com/ar/dress-code-full-guide/","https://www.vogue.com/slideshow/black-tie-wedding-guest-dresses","","",""
"black tie wedding guest dresses","https://www.vogue.com/slideshow/black-tie-wedding-guest-dresses","https://www.tellar.co.uk/technical-deep-dive-what-defines-a-black-tie-dress","https://www.vogue.com/slideshow/black-tie-wedding-guest-dresses","","",""
"black tie wedding guest dresses","https://www.vogue.com/slideshow/black-tie-wedding-guest-dresses","https://chilfeed.site/the-best-engagement-rings-for-every-bride-to-be/","https://www.vogue.com/slideshow/black-tie-wedding-guest-dresses","","",""
"black tie wedding guest dresses","https://www.vogue.com/slideshow/black-tie-wedding-guest-dresses","https://chilfeed.site/instant-yes-30-gorgeous-wedding-guest-dresses-on-sale-right-now/","https://www.vogue.com/slideshow/black-tie-wedding-guest-dresses","","",""
"black tie wedding guest dresses","https://www.vogue.com/slideshow/black-tie-wedding-guest-dresses","https://chilfeed.site/36-black-tie-wedding-guest-dresses-that-are-perfectly-formal/","https://www.vogue.com/slideshow/black-tie-wedding-guest-dresses","","",""
"black tie wedding guest dresses","https://www.vogue.com/slideshow/black-tie-wedding-guest-dresses","https://chilfeed.site/35-simple-yet-striking-wedding-dresses-for-minimalist-brides-in-2025/","https://www.vogue.com/slideshow/black-tie-wedding-guest-dresses","","",""
"black tie wedding guest dresses","https://www.vogue.com/slideshow/black-tie-wedding-guest-dresses","https://chilfeed.site/35-best-cocktail-dresses-for-weddings-and-beyond/","https://www.vogue.com/slideshow/black-tie-wedding-guest-dresses","","",""
"black tie wedding guest dresses","https://www.vogue.com/slideshow/black-tie-wedding-guest-dresses","https://chilfeed.site/34-best-gala-dresses-to-wear-to-your-next-formal-event/","https://www.vogue.com/slideshow/black-tie-wedding-guest-dresses","","",""
"black tie wedding guest dresses","https://www.vogue.com/slideshow/black-tie-wedding-guest-dresses","https://chilfeed.site/34-best-fall-wedding-guest-dresses-to-wear-for-autumnal-rsvps/","https://www.vogue.com/slideshow/black-tie-wedding-guest-dresses","","",""
"black tie wedding guest dresses","https://www.vogue.com/slideshow/black-tie-wedding-guest-dresses","https://chilfeed.site/32-best-minimalist-wedding-guest-dresses-of-2025/","https://www.vogue.com/slideshow/black-tie-wedding-guest-dresses","","",""
"black tie wedding guest dresses","https://www.vogue.com/slideshow/black-tie-wedding-guest-dresses","https://brst.ca/stories/393817380994","https://www.vogue.com/slideshow/black-tie-wedding-guest-dresses","","",""
"black tie wedding guest dresses","https://www.vogue.com/slideshow/black-tie-wedding-guest-dresses","https://boupnews.com/index.php/2024/03/16/35-finest-gala-clothes-to-put-on-to-your-subsequent-formal-occasion/","https://www.vogue.com/slideshow/black-tie-wedding-guest-dresses","","",""
"black tie wedding guest dresses","https://www.vogue.com/slideshow/black-tie-wedding-guest-dresses","https://boupnews.com/index.php/2024/03/11/21-wedding-ceremony-visitor-jumpsuits-and-units-to-store-for-non-conventional-rsvps/","https://www.vogue.com/slideshow/black-tie-wedding-guest-dresses","","",""
"black tie wedding guest dresses","https://www.vogue.com/slideshow/black-tie-wedding-guest-dresses","https://billboardlifestyle.com/youve-saved-the-date-now-shop-these-wedding-guest-dresses/","https://www.vogue.com/slideshow/black-tie-wedding-guest-dresses","","",""
"black tie wedding guest dresses","https://www.vogue.com/slideshow/black-tie-wedding-guest-dresses","https://billboardlifestyle.com/wear-and-rewear-30-gorgeous-wedding-guest-dresses-on-sale-right-now/","https://www.vogue.com/slideshow/black-tie-wedding-guest-dresses","","",""
"black tie wedding guest dresses","https://www.vogue.com/slideshow/black-tie-wedding-guest-dresses","https://billboardlifestyle.com/the-best-engagement-rings-for-every-bride-to-be/","https://www.vogue.com/slideshow/black-tie-wedding-guest-dresses","","",""
"black tie wedding guest dresses","https://www.vogue.com/slideshow/black-tie-wedding-guest-dresses","https://billboardlifestyle.com/heres-what-15-vogue-editors-are-wearing-to-their-summer-weddings/","https://www.vogue.com/slideshow/black-tie-wedding-guest-dresses","","",""
"black tie wedding guest dresses","https://www.vogue.com/slideshow/black-tie-wedding-guest-dresses","https://billboardlifestyle.com/headed-to-a-black-tie-affair-these-gala-dresses-were-made-to-be-seen/","https://www.vogue.com/slideshow/black-tie-wedding-guest-dresses","","",""
"black tie wedding guest dresses","https://www.vogue.com/slideshow/black-tie-wedding-guest-dresses","https://billboardlifestyle.com/35-simple-yet-striking-wedding-dresses-for-minimalist-brides/","https://www.vogue.com/slideshow/black-tie-wedding-guest-dresses","","",""
"black tie wedding guest dresses","https://www.vogue.com/slideshow/black-tie-wedding-guest-dresses","https://billboardlifestyle.com/28-black-tie-wedding-guest-dresses-that-are-perfectly-formal/","https://www.vogue.com/slideshow/black-tie-wedding-guest-dresses","","",""
"black tie wedding guest dresses","https://www.vogue.com/slideshow/black-tie-wedding-guest-dresses","https://bestieai.app/topics/love/wedding-guest-dress-black-tie-guide","https://www.vogue.com/slideshow/black-tie-wedding-guest-dresses","","",""
"black tie wedding guest dresses","https://www.vogue.com/slideshow/black-tie-wedding-guest-dresses","https://bestieai.app/topics/love/summer-black-tie-wedding-guest-dress-guide","https://www.vogue.com/slideshow/black-tie-wedding-guest-dresses","","",""
"black tie wedding guest dresses","https://www.vogue.com/slideshow/black-tie-wedding-guest-dresses","https://bestieai.app/topics/love/formal-womens-black-tie-wedding-guest-dress-guide","https://www.vogue.com/slideshow/black-tie-wedding-guest-dresses","","",""
"black tie wedding guest dresses","https://www.vogue.com/slideshow/black-tie-wedding-guest-dresses","https://bestieai.app/topics/love/floor-length-wedding-guest-dress-guide","https://www.vogue.com/slideshow/black-tie-wedding-guest-dresses","","",""
"black tie wedding guest dresses","https://www.vogue.com/slideshow/black-tie-wedding-guest-dresses","https://bestieai.app/topics/love/floor-length-black-tie-wedding-guest-dress-guide","https://www.vogue.com/slideshow/black-tie-wedding-guest-dresses","","",""
"black tie wedding guest dresses","https://www.vogue.com/slideshow/black-tie-wedding-guest-dresses","https://bestieai.app/topics/love/designer-dresses-wedding-guests-guide","https://www.vogue.com/slideshow/black-tie-wedding-guest-dresses","","",""
"black tie wedding guest dresses","https://www.vogue.com/slideshow/black-tie-wedding-guest-dresses","https://bestieai.app/topics/love/black-wedding-guest-dresses-etiquette-styling-guide","https://www.vogue.com/slideshow/black-tie-wedding-guest-dresses","","",""
"black tie wedding guest dresses","https://www.vogue.com/slideshow/black-tie-wedding-guest-dresses","https://bestieai.app/topics/love/black-tie-wedding-guest-dress-fall-guide","https://www.vogue.com/slideshow/black-tie-wedding-guest-dresses","","",""
"black tie wedding guest dresses","https://www.vogue.com/slideshow/black-tie-wedding-guest-dresses","https://bestieai.app/topics/growth/wedding-guest-black-tie-dresses-etiquette-guide","https://www.vogue.com/slideshow/black-tie-wedding-guest-dresses","","",""
"black tie wedding guest dresses","https://www.vogue.com/slideshow/black-tie-wedding-guest-dresses","https://bestieai.app/topics/growth/unique-wedding-guest-dresses-style-guide","https://www.vogue.com/slideshow/black-tie-wedding-guest-dresses","","",""
"black tie wedding guest dresses","https://www.vogue.com/slideshow/black-tie-wedding-guest-dresses","https://bestieai.app/topics/growth/tea-length-wedding-guest-dress-style-guide","https://www.vogue.com/slideshow/black-tie-wedding-guest-dresses","","",""
"black tie wedding guest dresses","https://www.vogue.com/slideshow/black-tie-wedding-guest-dresses","https://bestieai.app/topics/growth/mastering-high-end-dresses-for-wedding-guest","https://www.vogue.com/slideshow/black-tie-wedding-guest-dresses","","",""
"black tie wedding guest dresses","https://www.vogue.com/slideshow/black-tie-wedding-guest-dresses","https://bestieai.app/topics/growth/long-sleeve-off-the-shoulder-wedding-guest-dress-guide","https://www.vogue.com/slideshow/black-tie-wedding-guest-dresses","","",""
"black tie wedding guest dresses","https://www.vogue.com/slideshow/black-tie-wedding-guest-dresses","https://bestieai.app/topics/growth/long-dresses-to-wear-to-a-wedding-as-a-guest-guide","https://www.vogue.com/slideshow/black-tie-wedding-guest-dresses","","",""
"black tie wedding guest dresses","https://www.vogue.com/slideshow/black-tie-wedding-guest-dresses","https://bestieai.app/topics/growth/black-tie-wedding-guest-dress-with-sleeves-guide","https://www.vogue.com/slideshow/black-tie-wedding-guest-dresses","","",""
"black tie wedding guest dresses","https://www.vogue.com/slideshow/black-tie-wedding-guest-dresses","https://bestieai.app/topics/growth/black-tie-wedding-guest-dress-winter-guide","https://www.vogue.com/slideshow/black-tie-wedding-guest-dresses","","",""
"black tie wedding guest dresses","https://www.vogue.com/slideshow/black-tie-wedding-guest-dresses","https://bestieai.app/topics/growth/black-tie-wedding-guest-dress-guide","https://www.vogue.com/slideshow/black-tie-wedding-guest-dresses","","",""
"black tie wedding guest dresses","https://www.vogue.com/slideshow/black-tie-wedding-guest-dresses","https://bestieai.app/topics/growth/black-and-white-wedding-guest-dress-etiquette-styling","https://www.vogue.com/slideshow/black-tie-wedding-guest-dresses","","",""
"black tie wedding guest dresses","https://www.vogue.com/slideshow/black-tie-wedding-guest-dresses","https://bestieai.app/topics/growth/best-long-sleeve-dresses-wedding-guest-style-guide","https://www.vogue.com/slideshow/black-tie-wedding-guest-dresses","","",""
"black tie wedding guest dresses","https://www.vogue.com/slideshow/black-tie-wedding-guest-dresses","https://bestieai.app/topics/eq/long-sleeve-black-dress-wedding-guest-guide","https://www.vogue.com/slideshow/black-tie-wedding-guest-dresses","","",""
"black tie wedding guest dresses","https://www.vogue.com/slideshow/black-tie-wedding-guest-dresses","https://bestieai.app/topics/eq/long-elegant-dresses-for-wedding-guests-guide","https://www.vogue.com/slideshow/black-tie-wedding-guest-dresses","","",""
"black tie wedding guest dresses","https://www.vogue.com/slideshow/black-tie-wedding-guest-dresses","https://bestieai.app/topics/eq/fall-black-tie-wedding-guest-dresses-guide","https://www.vogue.com/slideshow/black-tie-wedding-guest-dresses","","",""
"black tie wedding guest dresses","https://www.vogue.com/slideshow/black-tie-wedding-guest-dresses","https://bestieai.app/topics/eq/champagne-coloured-dress-for-wedding-guest-etiquette","https://www.vogue.com/slideshow/black-tie-wedding-guest-dresses","","",""
"black tie wedding guest dresses","https://www.vogue.com/slideshow/black-tie-wedding-guest-dresses","https://bestieai.app/topics/eq/black-tie-wedding-guest-dresses-guide","https://www.vogue.com/slideshow/black-tie-wedding-guest-dresses","","",""
"black tie wedding guest dresses","https://www.vogue.com/slideshow/black-tie-wedding-guest-dresses","https://bestieai.app/topics/eq/black-tie-wedding-dress-guest-guide","https://www.vogue.com/slideshow/black-tie-wedding-guest-dresses","","",""
"black tie wedding guest dresses","https://www.vogue.com/slideshow/black-tie-wedding-guest-dresses","https://bestieai.app/topics/eq/black-formal-wedding-guest-dress-etiquette-guide","https://www.vogue.com/slideshow/black-tie-wedding-guest-dresses","","",""
"black tie wedding guest dresses","https://www.vogue.com/slideshow/black-tie-wedding-guest-dresses","https://bestieai.app/topics/confidence/fun-black-tie-wedding-guest-dress-guide","https://www.vogue.com/slideshow/black-tie-wedding-guest-dresses","","",""
"black tie wedding guest dresses","https://www.vogue.com/slideshow/black-tie-wedding-guest-dresses","https://bestieai.app/topics/confidence/elegant-black-dresses-wedding-guests-guide","https://www.vogue.com/slideshow/black-tie-wedding-guest-dresses","","",""
"black tie wedding guest dresses","https://www.vogue.com/slideshow/black-tie-wedding-guest-dresses","https://bestieai.app/topics/confidence/best-black-dress-for-wedding-guest-guide","https://www.vogue.com/slideshow/black-tie-wedding-guest-dresses","","",""
"black tie wedding guest dresses","https://www.vogue.com/slideshow/black-tie-wedding-guest-dresses","https://astricknation.com/elegant-black-tie-wedding-guest-dresses/","https://www.vogue.com/slideshow/black-tie-wedding-guest-dresses","","",""
"black tie wedding guest dresses","https://www.vogue.com/slideshow/black-tie-wedding-guest-dresses","https://astricknation.com/elegant-black-tie-wedding-guest-dress-ideas/","https://www.vogue.com/slideshow/black-tie-wedding-guest-dresses","","",""
"black tie wedding guest dresses","https://www.vogue.com/slideshow/black-tie-wedding-guest-dresses","https://asiabeautymag.com/index.php/2025/07/13/90-best-gifts-for-women-in-2025-to-shop-now-2/","https://www.vogue.com/slideshow/black-tie-wedding-guest-dresses","","",""
"black tie wedding guest dresses","https://www.vogue.com/slideshow/black-tie-wedding-guest-dresses","https://asiabeautymag.com/index.php/2025/04/09/90-best-gifts-for-women-in-2025-to-shop-now/","https://www.vogue.com/slideshow/black-tie-wedding-guest-dresses","","",""
"black tie wedding guest dresses","https://www.vogue.com/slideshow/black-tie-wedding-guest-dresses","http://www.upboop.com/elegant-black-tie-wedding-guest-dresses-to-inspire-your-next-formal-event","https://www.vogue.com/slideshow/black-tie-wedding-guest-dresses","","",""
"black tie wedding guest dresses","https://www.vogue.com/slideshow/black-tie-wedding-guest-dresses","http://www.ummfashionshow.com/black-tie-dresses.html","https://www.vogue.com/slideshow/black-tie-wedding-guest-dresses","","",""
"black tie wedding guest dresses","https://www.vogue.com/slideshow/black-tie-wedding-guest-dresses","http://www.nanjingcourt.com/black-tie-wedding-guest-dresses.html","https://www.vogue.com/slideshow/black-tie-wedding-guest-dresses","","",""
"black tie wedding guest dresses","https://www.vogue.com/slideshow/black-tie-wedding-guest-dresses","http://www.haozdb.com/black-tie-wedding-guest-dresses.html","https://www.vogue.com/slideshow/black-tie-wedding-guest-dresses","","",""
"black tie wedding guest dresses","https://www.vogue.com/slideshow/black-tie-wedding-guest-dresses","http://vogue.cm/B8FXy4E","https://www.vogue.com/slideshow/black-tie-wedding-guest-dresses","","",""
"black tie wedding guest dresses","https://www.vogue.com/slideshow/black-tie-wedding-guest-dresses","http://ummfashionshow.com/black-tie-dresses.html","https://www.vogue.com/slideshow/black-tie-wedding-guest-dresses","","",""
"black tie wedding guest dresses","https://www.vogue.com/slideshow/black-tie-wedding-guest-dresses","http://mommyqueerest.nyc/what-15-vogue-editors-are-wearing-as-summer-wedding-guest-outfits/","https://www.vogue.com/slideshow/black-tie-wedding-guest-dresses","","",""
"black tie wedding guest dresses","https://www.vogue.com/slideshow/black-tie-wedding-guest-dresses","http://mommyqueerest.nyc/40-best-wedding-guest-dresses-in-2025-for-every-type-of-ceremony/","https://www.vogue.com/slideshow/black-tie-wedding-guest-dresses","","",""
"black tie wedding guest dresses","https://www.vogue.com/slideshow/black-tie-wedding-guest-dresses","http://mommyqueerest.nyc/28-black-tie-wedding-guest-dresses-that-are-perfectly-formal/","https://www.vogue.com/slideshow/black-tie-wedding-guest-dresses","","",""
"black tie wedding guest dresses","https://www.vogue.com/slideshow/black-tie-wedding-guest-dresses","http://livingmagazine.lk/22-black-tie-wedding-guest-dresses-that-bring-on-the-ritz-and-glitz/","https://www.vogue.com/slideshow/black-tie-wedding-guest-dresses","","",""
"black tie wedding guest dresses","https://www.vogue.com/slideshow/black-tie-wedding-guest-dresses","http://jiuguang.org/black-tie-wedding-guest-dresses.html","https://www.vogue.com/slideshow/black-tie-wedding-guest-dresses","","",""
"black tie wedding guest dresses","https://www.ladyblacktie.com/collections/wedding-guest-dresses","https://emailsnest.com/brands/lady-black-tie/30-off-24-hrs-only-728149","https://www.ladyblacktie.com/collections/wedding-guest-dresses","","",""
